<?xml version="1.0"?>
<WEATHERDATA>
	<MEASUREMENT>
		<STN>76380</STN>
		<DATE>2019-01-30</DATE>
		<TIME>09:33:44</TIME>
		<TEMP>1.7</TEMP>
		<DEWP>-4.6</DEWP>
		<STP>1024.9</STP>
		<SLP>1026.9</SLP>
		<VISIB>19.4</VISIB>
		<WDSP>16.0</WDSP>
		<PRCP>0.00</PRCP>
		<SNDP>0.0</SNDP>
		<FRSHTT>000000</FRSHTT>
		<CLDC>92.2</CLDC>
		<WNDDIR>90</WNDDIR>
	</MEASUREMENT> 
	<MEASUREMENT>
		<STN>72050</STN>
		<DATE>2019-01-30</DATE>
		<TIME>09:33:44</TIME>
		<TEMP>2.7</TEMP>
		<DEWP>-0.7</DEWP>
		<STP>1014.3</STP>
		<SLP>1017.9</SLP>
		<VISIB>9.7</VISIB>
		<WDSP>17.4</WDSP>
		<PRCP>0.10</PRCP>
		<SNDP>0.0</SNDP>
		<FRSHTT>010000</FRSHTT>
		<CLDC>64.7</CLDC>
		<WNDDIR>282</WNDDIR>
	</MEASUREMENT> 
	<MEASUREMENT>
		<STN>73860</STN>
		<DATE>2019-01-30</DATE>
		<TIME>09:33:44</TIME>
		<TEMP>-1.5</TEMP>
		<DEWP>-2.4</DEWP>
		<STP>1001.1</STP>
		<SLP>1026.0</SLP>
		<VISIB>5.4</VISIB>
		<WDSP>6.3</WDSP>
		<PRCP>0.00</PRCP>
		<SNDP>0.0</SNDP>
		<FRSHTT>100000</FRSHTT>
		<CLDC>71.2</CLDC>
		<WNDDIR>6</WNDDIR>
	</MEASUREMENT> 
	<MEASUREMENT>
		<STN>74120</STN>
		<DATE>2019-01-30</DATE>
		<TIME>09:33:44</TIME>
		<TEMP>2.6</TEMP>
		<DEWP>0.6</DEWP>
		<STP>1016.7</STP>
		<SLP>1017.7</SLP>
		<VISIB>11.9</VISIB>
		<WDSP>12.5</WDSP>
		<PRCP>0.08</PRCP>
		<SNDP>0.0</SNDP>
		<FRSHTT>010000</FRSHTT>
		<CLDC>50.3</CLDC>
		<WNDDIR>108</WNDDIR>
	</MEASUREMENT> 
	<MEASUREMENT>
		<STN>72800</STN>
		<DATE>2019-01-30</DATE>
		<TIME>09:33:44</TIME>
		<TEMP>-1.6</TEMP>
		<DEWP>-4.0</DEWP>
		<STP>1009.2</STP>
		<SLP>1020.3</SLP>
		<VISIB>9.0</VISIB>
		<WDSP>13.9</WDSP>
		<PRCP>0.04</PRCP>
		<SNDP>0.4</SNDP>
		<FRSHTT>111000</FRSHTT>
		<CLDC>86.6</CLDC>
		<WNDDIR>102</WNDDIR>
	</MEASUREMENT> 
	<MEASUREMENT>
		<STN>72830</STN>
		<DATE>2019-01-30</DATE>
		<TIME>09:33:44</TIME>
		<TEMP>0.9</TEMP>
		<DEWP>-0.3</DEWP>
		<STP>1018.5</STP>
		<SLP>1008.1</SLP>
		<VISIB>5.8</VISIB>
		<WDSP>28.2</WDSP>
		<PRCP>0.39</PRCP>
		<SNDP>0.0</SNDP>
		<FRSHTT>010000</FRSHTT>
		<CLDC>50.5</CLDC>
		<WNDDIR>67</WNDDIR>
	</MEASUREMENT> 
	<MEASUREMENT>
		<STN>71500</STN>
		<DATE>2019-01-30</DATE>
		<TIME>09:33:44</TIME>
		<TEMP>1.0</TEMP>
		<DEWP>-1.4</DEWP>
		<STP>1010.4</STP>
		<SLP>1014.7</SLP>
		<VISIB>8.8</VISIB>
		<WDSP>14.9</WDSP>
		<PRCP>0.04</PRCP>
		<SNDP>0.0</SNDP>
		<FRSHTT>010000</FRSHTT>
		<CLDC>50.2</CLDC>
		<WNDDIR>279</WNDDIR>
	</MEASUREMENT> 
	<MEASUREMENT>
		<STN>73901</STN>
		<DATE>2019-01-30</DATE>
		<TIME>09:33:44</TIME>
		<TEMP>-2.8</TEMP>
		<DEWP>-2.7</DEWP>
		<STP>997.7</STP>
		<SLP>994.8</SLP>
		<VISIB>3.9</VISIB>
		<WDSP>9.3</WDSP>
		<PRCP>0.00</PRCP>
		<SNDP>0.0</SNDP>
		<FRSHTT>100000</FRSHTT>
		<CLDC>16.3</CLDC>
		<WNDDIR>176</WNDDIR>
	</MEASUREMENT> 
	<MEASUREMENT>
		<STN>77800</STN>
		<DATE>2019-01-30</DATE>
		<TIME>09:33:44</TIME>
		<TEMP>3.2</TEMP>
		<DEWP>-2.3</DEWP>
		<STP>1016.1</STP>
		<SLP>1012.0</SLP>
		<VISIB>13.4</VISIB>
		<WDSP>16.2</WDSP>
		<PRCP>0.07</PRCP>
		<SNDP>0.0</SNDP>
		<FRSHTT>010000</FRSHTT>
		<CLDC>87.5</CLDC>
		<WNDDIR>186</WNDDIR>
	</MEASUREMENT> 
	<MEASUREMENT>
		<STN>71790</STN>
		<DATE>2019-01-30</DATE>
		<TIME>09:33:44</TIME>
		<TEMP>1.8</TEMP>
		<DEWP>-0.7</DEWP>
		<STP>1011.6</STP>
		<SLP>1013.5</SLP>
		<VISIB>15.5</VISIB>
		<WDSP>14.7</WDSP>
		<PRCP>0.20</PRCP>
		<SNDP>0.0</SNDP>
		<FRSHTT>010000</FRSHTT>
		<CLDC>50.8</CLDC>
		<WNDDIR>298</WNDDIR>
	</MEASUREMENT> 

	<MEASUREMENT>
		<STN>70310</STN>
		<DATE>2019-01-30</DATE>
		<TIME>09:33:44</TIME>
		<TEMP>1.5</TEMP>
		<DEWP>-1.3</DEWP>
		<STP>1009.8</STP>
		<SLP>1014.3</SLP>
		<VISIB>10.0</VISIB>
		<WDSP>19.0</WDSP>
		<PRCP>0.17</PRCP>
		<SNDP>0.0</SNDP>
		<FRSHTT>010000</FRSHTT>
		<CLDC>50.6</CLDC>
		<WNDDIR>208</WNDDIR>
	</MEASUREMENT> 

	<MEASUREMENT>
		<STN>76000</STN>
		<DATE>2019-01-30</DATE>
		<TIME>09:33:44</TIME>
		<TEMP>2.6</TEMP>
		<DEWP>-0.7</DEWP>
		<STP>1017.2</STP>
		<SLP>1022.6</SLP>
		<VISIB>12.6</VISIB>
		<WDSP>8.2</WDSP>
		<PRCP>0.00</PRCP>
		<SNDP>0.0</SNDP>
		<FRSHTT>000000</FRSHTT>
		<CLDC>75.7</CLDC>
		<WNDDIR>21</WNDDIR>
	</MEASUREMENT> 
	<MEASUREMENT>
		<STN>76030</STN>
		<DATE>2019-01-30</DATE>
		<TIME>09:33:44</TIME>
		<TEMP>4.0</TEMP>
		<DEWP>1.1</DEWP>
		<STP>1000.6</STP>
		<SLP>1014.9</SLP>
		<VISIB>13.1</VISIB>
		<WDSP>11.1</WDSP>
		<PRCP>0.21</PRCP>
		<SNDP>0.0</SNDP>
		<FRSHTT>010000</FRSHTT>
		<CLDC>97.3</CLDC>
		<WNDDIR>334</WNDDIR>
	</MEASUREMENT> 
	<MEASUREMENT>
		<STN>72070</STN>
		<DATE>2019-01-30</DATE>
		<TIME>09:33:44</TIME>
		<TEMP>4.6</TEMP>
		<DEWP>2.0</DEWP>
		<STP>1013.2</STP>
		<SLP>1016.0</SLP>
		<VISIB>13.8</VISIB>
		<WDSP>29.4</WDSP>
		<PRCP>0.09</PRCP>
		<SNDP>0.0</SNDP>
		<FRSHTT>010000</FRSHTT>
		<CLDC>93.3</CLDC>
		<WNDDIR>43</WNDDIR>
	</MEASUREMENT> 
	<MEASUREMENT>
		<STN>71390</STN>
		<DATE>2019-01-30</DATE>
		<TIME>09:33:44</TIME>
		<TEMP>0.9</TEMP>
		<DEWP>-1.2</DEWP>
		<STP>1008.7</STP>
		<SLP>1015.2</SLP>
		<VISIB>10.7</VISIB>
		<WDSP>13.5</WDSP>
		<PRCP>0.07</PRCP>
		<SNDP>0.0</SNDP>
		<FRSHTT>010000</FRSHTT>
		<CLDC>88.3</CLDC>
		<WNDDIR>81</WNDDIR>
	</MEASUREMENT> 

	<MEASUREMENT>
		<STN>73740</STN>
		<DATE>2019-01-30</DATE>
		<TIME>09:33:44</TIME>
		<TEMP>-2.1</TEMP>
		<DEWP>-6.0</DEWP>
		<STP>1002.6</STP>
		<SLP>1014.4</SLP>
		<VISIB>8.8</VISIB>
		<WDSP>8.1</WDSP>
		<PRCP>0.01</PRCP>
		<SNDP>0.4</SNDP>
		<FRSHTT>111000</FRSHTT>
		<CLDC>50.2</CLDC>
		<WNDDIR>356</WNDDIR>
	</MEASUREMENT> 
	<MEASUREMENT>
		<STN>73790</STN>
		<DATE>2019-01-30</DATE>
		<TIME>09:33:44</TIME>
		<TEMP>-5.5</TEMP>
		<DEWP>-8.1</DEWP>
		<STP>992.7</STP>
		<SLP>1023.5</SLP>
		<VISIB>3.8</VISIB>
		<WDSP>2.3</WDSP>
		<PRCP>0.00</PRCP>
		<SNDP>0.8</SNDP>
		<FRSHTT>101000</FRSHTT>
		<CLDC>84.0</CLDC>
		<WNDDIR>300</WNDDIR>
	</MEASUREMENT> 
	<MEASUREMENT>
		<STN>76530</STN>
		<DATE>2019-01-30</DATE>
		<TIME>09:33:44</TIME>
		<TEMP>5.2</TEMP>
		<DEWP>0.9</DEWP>
		<STP>1012.7</STP>
		<SLP>1012.1</SLP>
		<VISIB>15.4</VISIB>
		<WDSP>22.3</WDSP>
		<PRCP>0.25</PRCP>
		<SNDP>0.0</SNDP>
		<FRSHTT>010000</FRSHTT>
		<CLDC>93.6</CLDC>
		<WNDDIR>162</WNDDIR>
	</MEASUREMENT> 
	<MEASUREMENT>
		<STN>70050</STN>
		<DATE>2019-01-30</DATE>
		<TIME>09:33:44</TIME>
		<TEMP>1.4</TEMP>
		<DEWP>-0.7</DEWP>
		<STP>1012.9</STP>
		<SLP>1017.0</SLP>
		<VISIB>9.6</VISIB>
		<WDSP>21.7</WDSP>
		<PRCP>0.05</PRCP>
		<SNDP>0.0</SNDP>
		<FRSHTT>010000</FRSHTT>
		<CLDC>50.7</CLDC>
		<WNDDIR>354</WNDDIR>
	</MEASUREMENT> 

	<MEASUREMENT>
		<STN>71000</STN>
		<DATE>2019-01-30</DATE>
		<TIME>09:33:44</TIME>
		<TEMP>6.1</TEMP>
		<DEWP>3.4</DEWP>
		<STP>1011.9</STP>
		<SLP>1013.4</SLP>
		<VISIB>15.7</VISIB>
		<WDSP>37.7</WDSP>
		<PRCP>0.16</PRCP>
		<SNDP>0.0</SNDP>
		<FRSHTT>010000</FRSHTT>
		<CLDC>81.0</CLDC>
		<WNDDIR>327</WNDDIR>
	</MEASUREMENT> 
	<MEASUREMENT>
		<STN>73540</STN>
		<DATE>2019-01-30</DATE>
		<TIME>09:33:44</TIME>
		<TEMP>-0.4</TEMP>
		<DEWP>-4.9</DEWP>
		<STP>1004.4</STP>
		<SLP>1020.3</SLP>
		<VISIB>13.3</VISIB>
		<WDSP>18.6</WDSP>
		<PRCP>0.01</PRCP>
		<SNDP>0.1</SNDP>
		<FRSHTT>111000</FRSHTT>
		<CLDC>50.0</CLDC>
		<WNDDIR>19</WNDDIR>
	</MEASUREMENT> 
	<MEASUREMENT>
		<STN>74700</STN>
		<DATE>2019-01-30</DATE>
		<TIME>09:33:44</TIME>
		<TEMP>0.0</TEMP>
		<DEWP>-2.3</DEWP>
		<STP>937.0</STP>
		<SLP>1024.1</SLP>
		<VISIB>12.7</VISIB>
		<WDSP>12.4</WDSP>
		<PRCP>0.01</PRCP>
		<SNDP>0.0</SNDP>
		<FRSHTT>010000</FRSHTT>
		<CLDC>96.9</CLDC>
		<WNDDIR>343</WNDDIR>
	</MEASUREMENT> 
	<MEASUREMENT>
		<STN>76270</STN>
		<DATE>2019-01-30</DATE>
		<TIME>09:33:44</TIME>
		<TEMP>-0.1</TEMP>
		<DEWP>-4.7</DEWP>
		<STP>999.0</STP>
		<SLP>1021.7</SLP>
		<VISIB>18.9</VISIB>
		<WDSP>9.9</WDSP>
		<PRCP>0.15</PRCP>
		<SNDP>0.2</SNDP>
		<FRSHTT>111000</FRSHTT>
		<CLDC>50.3</CLDC>
		<WNDDIR>286</WNDDIR>
	</MEASUREMENT> 
	<MEASUREMENT>
		<STN>71860</STN>
		<DATE>2019-01-30</DATE>
		<TIME>09:33:44</TIME>
		<TEMP>0.2</TEMP>
		<DEWP>-1.6</DEWP>
		<STP>1007.9</STP>
		<SLP>1010.3</SLP>
		<VISIB>8.7</VISIB>
		<WDSP>23.8</WDSP>
		<PRCP>0.17</PRCP>
		<SNDP>0.3</SNDP>
		<FRSHTT>011000</FRSHTT>
		<CLDC>50.5</CLDC>
		<WNDDIR>100</WNDDIR>
	</MEASUREMENT> 
	<MEASUREMENT>
		<STN>76020</STN>
		<DATE>2019-01-30</DATE>
		<TIME>09:33:44</TIME>
		<TEMP>3.8</TEMP>
		<DEWP>-1.6</DEWP>
		<STP>1013.8</STP>
		<SLP>1019.8</SLP>
		<VISIB>12.1</VISIB>
		<WDSP>11.5</WDSP>
		<PRCP>0.20</PRCP>
		<SNDP>0.0</SNDP>
		<FRSHTT>010000</FRSHTT>
		<CLDC>51.2</CLDC>
		<WNDDIR>169</WNDDIR>
	</MEASUREMENT> 

	<MEASUREMENT>
		<STN>75630</STN>
		<DATE>2019-01-30</DATE>
		<TIME>09:33:44</TIME>
		<TEMP>5.8</TEMP>
		<DEWP>0.1</DEWP>
		<STP>1019.1</STP>
		<SLP>1025.0</SLP>
		<VISIB>20.5</VISIB>
		<WDSP>13.6</WDSP>
		<PRCP>0.00</PRCP>
		<SNDP>0.0</SNDP>
		<FRSHTT>000000</FRSHTT>
		<CLDC>57.3</CLDC>
		<WNDDIR>46</WNDDIR>
	</MEASUREMENT> 
	<MEASUREMENT>
		<STN>73300</STN>
		<DATE>2019-01-30</DATE>
		<TIME>09:33:44</TIME>
		<TEMP>-1.7</TEMP>
		<DEWP>-4.3</DEWP>
		<STP>1016.2</STP>
		<SLP>1027.0</SLP>
		<VISIB>11.1</VISIB>
		<WDSP>11.8</WDSP>
		<PRCP>0.00</PRCP>
		<SNDP>0.0</SNDP>
		<FRSHTT>100000</FRSHTT>
		<CLDC>59.0</CLDC>
		<WNDDIR>273</WNDDIR>
	</MEASUREMENT> 
	<MEASUREMENT>
		<STN>75020</STN>
		<DATE>2019-01-30</DATE>
		<TIME>09:33:44</TIME>
		<TEMP>3.4</TEMP>
		<DEWP>0.6</DEWP>
		<STP>1006.5</STP>
		<SLP>1013.6</SLP>
		<VISIB>11.5</VISIB>
		<WDSP>15.4</WDSP>
		<PRCP>0.18</PRCP>
		<SNDP>0.0</SNDP>
		<FRSHTT>010000</FRSHTT>
		<CLDC>54.8</CLDC>
		<WNDDIR>252</WNDDIR>
	</MEASUREMENT> 
	<MEASUREMENT>
		<STN>76450</STN>
		<DATE>2019-01-30</DATE>
		<TIME>09:33:44</TIME>
		<TEMP>2.3</TEMP>
		<DEWP>-3.2</DEWP>
		<STP>1016.2</STP>
		<SLP>1017.9</SLP>
		<VISIB>17.0</VISIB>
		<WDSP>11.5</WDSP>
		<PRCP>0.16</PRCP>
		<SNDP>0.0</SNDP>
		<FRSHTT>010000</FRSHTT>
		<CLDC>50.0</CLDC>
		<WNDDIR>180</WNDDIR>
	</MEASUREMENT> 
	<MEASUREMENT>
		<STN>70550</STN>
		<DATE>2019-01-30</DATE>
		<TIME>09:33:44</TIME>
		<TEMP>0.3</TEMP>
		<DEWP>-2.5</DEWP>
		<STP>1005.2</STP>
		<SLP>1021.4</SLP>
		<VISIB>12.4</VISIB>
		<WDSP>17.0</WDSP>
		<PRCP>0.02</PRCP>
		<SNDP>0.0</SNDP>
		<FRSHTT>010000</FRSHTT>
		<CLDC>50.0</CLDC>
		<WNDDIR>202</WNDDIR>
	</MEASUREMENT> 
	<MEASUREMENT>
		<STN>74710</STN>
		<DATE>2019-01-30</DATE>
		<TIME>09:33:44</TIME>
		<TEMP>-6.0</TEMP>
		<DEWP>-10.0</DEWP>
		<STP>936.7</STP>
		<SLP>932.8</SLP>
		<VISIB>19.1</VISIB>
		<WDSP>10.9</WDSP>
		<PRCP>0.03</PRCP>
		<SNDP>2.0</SNDP>
		<FRSHTT>111000</FRSHTT>
		<CLDC>73.0</CLDC>
		<WNDDIR>316</WNDDIR>
	</MEASUREMENT> 
	<MEASUREMENT>
		<STN>71430</STN>
		<DATE>2019-01-30</DATE>
		<TIME>09:33:44</TIME>
		<TEMP>-0.2</TEMP>
		<DEWP>-2.8</DEWP>
		<STP>1011.9</STP>
		<SLP>1021.6</SLP>
		<VISIB>10.8</VISIB>
		<WDSP>12.3</WDSP>
		<PRCP>0.01</PRCP>
		<SNDP>0.0</SNDP>
		<FRSHTT>110000</FRSHTT>
		<CLDC>50.1</CLDC>
		<WNDDIR>300</WNDDIR>
	</MEASUREMENT> 

	<MEASUREMENT>
		<STN>75030</STN>
		<DATE>2019-01-30</DATE>
		<TIME>09:33:44</TIME>
		<TEMP>6.3</TEMP>
		<DEWP>3.7</DEWP>
		<STP>1008.9</STP>
		<SLP>1013.9</SLP>
		<VISIB>7.7</VISIB>
		<WDSP>20.7</WDSP>
		<PRCP>0.14</PRCP>
		<SNDP>0.0</SNDP>
		<FRSHTT>010000</FRSHTT>
		<CLDC>50.3</CLDC>
		<WNDDIR>277</WNDDIR>
	</MEASUREMENT> 
	<MEASUREMENT>
		<STN>72400</STN>
		<DATE>2019-01-30</DATE>
		<TIME>09:33:44</TIME>
		<TEMP>0.8</TEMP>
		<DEWP>-1.1</DEWP>
		<STP>1007.8</STP>
		<SLP>1018.6</SLP>
		<VISIB>8.7</VISIB>
		<WDSP>17.0</WDSP>
		<PRCP>0.05</PRCP>
		<SNDP>0.0</SNDP>
		<FRSHTT>010000</FRSHTT>
		<CLDC>85.8</CLDC>
		<WNDDIR>117</WNDDIR>
	</MEASUREMENT> 
	<MEASUREMENT>
		<STN>77700</STN>
		<DATE>2019-01-30</DATE>
		<TIME>09:33:44</TIME>
		<TEMP>6.9</TEMP>
		<DEWP>1.9</DEWP>
		<STP>1022.2</STP>
		<SLP>1015.9</SLP>
		<VISIB>18.5</VISIB>
		<WDSP>30.6</WDSP>
		<PRCP>0.15</PRCP>
		<SNDP>0.0</SNDP>
		<FRSHTT>010000</FRSHTT>
		<CLDC>73.8</CLDC>
		<WNDDIR>315</WNDDIR>
	</MEASUREMENT> 
	<MEASUREMENT>
		<STN>75880</STN>
		<DATE>2019-01-30</DATE>
		<TIME>09:33:44</TIME>
		<TEMP>-4.7</TEMP>
		<DEWP>-10.3</DEWP>
		<STP>966.8</STP>
		<SLP>1023.5</SLP>
		<VISIB>53.0</VISIB>
		<WDSP>5.5</WDSP>
		<PRCP>0.00</PRCP>
		<SNDP>0.0</SNDP>
		<FRSHTT>100000</FRSHTT>
		<CLDC>19.1</CLDC>
		<WNDDIR>63</WNDDIR>
	</MEASUREMENT> 

	<MEASUREMENT>
		<STN>77900</STN>
		<DATE>2019-01-30</DATE>
		<TIME>09:33:44</TIME>
		<TEMP>4.9</TEMP>
		<DEWP>-0.4</DEWP>
		<STP>1013.8</STP>
		<SLP>1017.2</SLP>
		<VISIB>11.7</VISIB>
		<WDSP>14.8</WDSP>
		<PRCP>0.19</PRCP>
		<SNDP>0.0</SNDP>
		<FRSHTT>010000</FRSHTT>
		<CLDC>50.1</CLDC>
		<WNDDIR>129</WNDDIR>
	</MEASUREMENT> 
	<MEASUREMENT>
		<STN>70270</STN>
		<DATE>2019-01-30</DATE>
		<TIME>09:33:44</TIME>
		<TEMP>0.4</TEMP>
		<DEWP>-0.7</DEWP>
		<STP>1016.2</STP>
		<SLP>1017.9</SLP>
		<VISIB>9.6</VISIB>
		<WDSP>19.6</WDSP>
		<PRCP>0.06</PRCP>
		<SNDP>0.0</SNDP>
		<FRSHTT>010000</FRSHTT>
		<CLDC>50.1</CLDC>
		<WNDDIR>229</WNDDIR>
	</MEASUREMENT> 
	<MEASUREMENT>
		<STN>70240</STN>
		<DATE>2019-01-30</DATE>
		<TIME>09:33:44</TIME>
		<TEMP>2.6</TEMP>
		<DEWP>-0.5</DEWP>
		<STP>1008.7</STP>
		<SLP>1013.1</SLP>
		<VISIB>11.6</VISIB>
		<WDSP>23.0</WDSP>
		<PRCP>0.15</PRCP>
		<SNDP>0.2</SNDP>
		<FRSHTT>011000</FRSHTT>
		<CLDC>50.1</CLDC>
		<WNDDIR>151</WNDDIR>
	</MEASUREMENT> 
	<MEASUREMENT>
		<STN>74340</STN>
		<DATE>2019-01-30</DATE>
		<TIME>09:33:44</TIME>
		<TEMP>1.0</TEMP>
		<DEWP>-2.8</DEWP>
		<STP>997.1</STP>
		<SLP>1018.2</SLP>
		<VISIB>14.0</VISIB>
		<WDSP>12.5</WDSP>
		<PRCP>0.23</PRCP>
		<SNDP>0.0</SNDP>
		<FRSHTT>010000</FRSHTT>
		<CLDC>50.4</CLDC>
		<WNDDIR>18</WNDDIR>
	</MEASUREMENT> 
	<MEASUREMENT>
		<STN>71210</STN>
		<DATE>2019-01-30</DATE>
		<TIME>09:33:44</TIME>
		<TEMP>4.2</TEMP>
		<DEWP>1.4</DEWP>
		<STP>1008.5</STP>
		<SLP>1012.8</SLP>
		<VISIB>15.6</VISIB>
		<WDSP>24.7</WDSP>
		<PRCP>0.14</PRCP>
		<SNDP>0.0</SNDP>
		<FRSHTT>010000</FRSHTT>
		<CLDC>50.8</CLDC>
		<WNDDIR>325</WNDDIR>
	</MEASUREMENT> 
	<MEASUREMENT>
		<STN>72170</STN>
		<DATE>2019-01-30</DATE>
		<TIME>09:33:44</TIME>
		<TEMP>-0.2</TEMP>
		<DEWP>-2.7</DEWP>
		<STP>1018.7</STP>
		<SLP>1018.1</SLP>
		<VISIB>8.9</VISIB>
		<WDSP>17.5</WDSP>
		<PRCP>0.01</PRCP>
		<SNDP>0.0</SNDP>
		<FRSHTT>110000</FRSHTT>
		<CLDC>50.8</CLDC>
		<WNDDIR>307</WNDDIR>
	</MEASUREMENT> 
	<MEASUREMENT>
		<STN>75020</STN>
		<DATE>2019-01-30</DATE>
		<TIME>09:33:45</TIME>
		<TEMP>3.4</TEMP>
		<DEWP>-0.2</DEWP>
		<STP>1006.5</STP>
		<SLP>1013.6</SLP>
		<VISIB>11.6</VISIB>
		<WDSP>15.3</WDSP>
		<PRCP>0.18</PRCP>
		<SNDP>0.0</SNDP>
		<FRSHTT>010000</FRSHTT>
		<CLDC>54.8</CLDC>
		<WNDDIR>253</WNDDIR>
	</MEASUREMENT> 
	<MEASUREMENT>
		<STN>76610</STN>
		<DATE>2019-01-30</DATE>
		<TIME>09:33:45</TIME>
		<TEMP>5.7</TEMP>
		<DEWP>0.8</DEWP>
		<STP>1015.9</STP>
		<SLP>1016.0</SLP>
		<VISIB>17.8</VISIB>
		<WDSP>31.3</WDSP>
		<PRCP>0.01</PRCP>
		<SNDP>0.0</SNDP>
		<FRSHTT>010000</FRSHTT>
		<CLDC>65.9</CLDC>
		<WNDDIR>264</WNDDIR>
	</MEASUREMENT> 
	<MEASUREMENT>
		<STN>76600</STN>
		<DATE>2019-01-30</DATE>
		<TIME>09:33:45</TIME>
		<TEMP>5.8</TEMP>
		<DEWP>1.1</DEWP>
		<STP>1007.6</STP>
		<SLP>1013.3</SLP>
		<VISIB>18.9</VISIB>
		<WDSP>23.5</WDSP>
		<PRCP>0.22</PRCP>
		<SNDP>0.0</SNDP>
		<FRSHTT>010000</FRSHTT>
		<CLDC>50.2</CLDC>
		<WNDDIR>92</WNDDIR>
	</MEASUREMENT> 
	<MEASUREMENT>
		<STN>71800</STN>
		<DATE>2019-01-30</DATE>
		<TIME>09:33:45</TIME>
		<TEMP>-1.4</TEMP>
		<DEWP>-4.1</DEWP>
		<STP>1009.3</STP>
		<SLP>1019.4</SLP>
		<VISIB>10.0</VISIB>
		<WDSP>12.3</WDSP>
		<PRCP>0.05</PRCP>
		<SNDP>0.1</SNDP>
		<FRSHTT>111000</FRSHTT>
		<CLDC>50.1</CLDC>
		<WNDDIR>92</WNDDIR>
	</MEASUREMENT> 
	<MEASUREMENT>
		<STN>77540</STN>
		<DATE>2019-01-30</DATE>
		<TIME>09:33:45</TIME>
		<TEMP>3.7</TEMP>
		<DEWP>-3.9</DEWP>
		<STP>1013.5</STP>
		<SLP>1017.2</SLP>
		<VISIB>25.1</VISIB>
		<WDSP>12.9</WDSP>
		<PRCP>0.08</PRCP>
		<SNDP>0.0</SNDP>
		<FRSHTT>010000</FRSHTT>
		<CLDC>71.3</CLDC>
		<WNDDIR>231</WNDDIR>
	</MEASUREMENT> 
	<MEASUREMENT>
		<STN>70050</STN>
		<DATE>2019-01-30</DATE>
		<TIME>09:33:45</TIME>
		<TEMP>1.4</TEMP>
		<DEWP>-0.7</DEWP>
		<STP>1012.9</STP>
		<SLP>1017.0</SLP>
		<VISIB>9.5</VISIB>
		<WDSP>21.6</WDSP>
		<PRCP>0.05</PRCP>
		<SNDP>0.0</SNDP>
		<FRSHTT>010000</FRSHTT>
		<CLDC>50.7</CLDC>
		<WNDDIR>354</WNDDIR>
	</MEASUREMENT> 
	<MEASUREMENT>
		<STN>72000</STN>
		<DATE>2019-01-30</DATE>
		<TIME>09:33:45</TIME>
		<TEMP>5.1</TEMP>
		<DEWP>1.7</DEWP>
		<STP>1016.2</STP>
		<SLP>1017.7</SLP>
		<VISIB>15.7</VISIB>
		<WDSP>30.3</WDSP>
		<PRCP>0.07</PRCP>
		<SNDP>0.0</SNDP>
		<FRSHTT>010000</FRSHTT>
		<CLDC>50.1</CLDC>
		<WNDDIR>246</WNDDIR>
	</MEASUREMENT> 
	<MEASUREMENT>
		<STN>72010</STN>
		<DATE>2019-01-30</DATE>
		<TIME>09:33:45</TIME>
		<TEMP>3.1</TEMP>
		<DEWP>-0.7</DEWP>
		<STP>1012.6</STP>
		<SLP>1019.9</SLP>
		<VISIB>16.5</VISIB>
		<WDSP>17.1</WDSP>
		<PRCP>0.06</PRCP>
		<SNDP>0.0</SNDP>
		<FRSHTT>010000</FRSHTT>
		<CLDC>77.7</CLDC>
		<WNDDIR>346</WNDDIR>
	</MEASUREMENT> 
	<MEASUREMENT>
		<STN>74750</STN>
		<DATE>2019-01-30</DATE>
		<TIME>09:33:45</TIME>
		<TEMP>-0.8</TEMP>
		<DEWP>-4.9</DEWP>
		<STP>986.8</STP>
		<SLP>1014.5</SLP>
		<VISIB>10.1</VISIB>
		<WDSP>8.1</WDSP>
		<PRCP>0.04</PRCP>
		<SNDP>0.2</SNDP>
		<FRSHTT>111000</FRSHTT>
		<CLDC>50.5</CLDC>
		<WNDDIR>23</WNDDIR>
	</MEASUREMENT> 
	<MEASUREMENT>
		<STN>77530</STN>
		<DATE>2019-01-30</DATE>
		<TIME>09:33:45</TIME>
		<TEMP>7.8</TEMP>
		<DEWP>4.8</DEWP>
		<STP>1039.0</STP>
		<SLP>1015.3</SLP>
		<VISIB>24.8</VISIB>
		<WDSP>11.7</WDSP>
		<PRCP>0.04</PRCP>
		<SNDP>0.0</SNDP>
		<FRSHTT>010000</FRSHTT>
		<CLDC>93.1</CLDC>
		<WNDDIR>39</WNDDIR>
	</MEASUREMENT> 

	<MEASUREMENT>
		<STN>77900</STN>
		<DATE>2019-01-30</DATE>
		<TIME>09:33:45</TIME>
		<TEMP>4.9</TEMP>
		<DEWP>-0.4</DEWP>
		<STP>1013.8</STP>
		<SLP>1017.2</SLP>
		<VISIB>11.6</VISIB>
		<WDSP>14.8</WDSP>
		<PRCP>0.19</PRCP>
		<SNDP>0.0</SNDP>
		<FRSHTT>010000</FRSHTT>
		<CLDC>50.0</CLDC>
		<WNDDIR>129</WNDDIR>
	</MEASUREMENT> 
	<MEASUREMENT>
		<STN>74340</STN>
		<DATE>2019-01-30</DATE>
		<TIME>09:33:45</TIME>
		<TEMP>1.0</TEMP>
		<DEWP>-2.8</DEWP>
		<STP>997.1</STP>
		<SLP>1018.1</SLP>
		<VISIB>13.9</VISIB>
		<WDSP>12.6</WDSP>
		<PRCP>0.23</PRCP>
		<SNDP>0.0</SNDP>
		<FRSHTT>010000</FRSHTT>
		<CLDC>50.4</CLDC>
		<WNDDIR>17</WNDDIR>
	</MEASUREMENT> 
	<MEASUREMENT>
		<STN>75520</STN>
		<DATE>2019-01-30</DATE>
		<TIME>09:33:45</TIME>
		<TEMP>-2.2</TEMP>
		<DEWP>-6.9</DEWP>
		<STP>951.5</STP>
		<SLP>1005.0</SLP>
		<VISIB>17.6</VISIB>
		<WDSP>11.5</WDSP>
		<PRCP>0.00</PRCP>
		<SNDP>0.0</SNDP>
		<FRSHTT>100000</FRSHTT>
		<CLDC>93.3</CLDC>
		<WNDDIR>211</WNDDIR>
	</MEASUREMENT> 
	<MEASUREMENT>
		<STN>71490</STN>
		<DATE>2019-01-30</DATE>
		<TIME>09:33:45</TIME>
		<TEMP>0.3</TEMP>
		<DEWP>-2.7</DEWP>
		<STP>1012.8</STP>
		<SLP>1019.5</SLP>
		<VISIB>8.6</VISIB>
		<WDSP>14.1</WDSP>
		<PRCP>0.03</PRCP>
		<SNDP>0.0</SNDP>
		<FRSHTT>010000</FRSHTT>
		<CLDC>80.9</CLDC>
		<WNDDIR>320</WNDDIR>
	</MEASUREMENT> 
	<MEASUREMENT>
		<STN>74120</STN>
		<DATE>2019-01-30</DATE>
		<TIME>09:33:45</TIME>
		<TEMP>2.7</TEMP>
		<DEWP>-0.1</DEWP>
		<STP>1016.7</STP>
		<SLP>1017.7</SLP>
		<VISIB>11.9</VISIB>
		<WDSP>12.6</WDSP>
		<PRCP>0.08</PRCP>
		<SNDP>0.0</SNDP>
		<FRSHTT>010000</FRSHTT>
		<CLDC>50.2</CLDC>
		<WNDDIR>107</WNDDIR>
	</MEASUREMENT> 
	<MEASUREMENT>
		<STN>71090</STN>
		<DATE>2019-01-30</DATE>
		<TIME>09:33:45</TIME>
		<TEMP>3.9</TEMP>
		<DEWP>0.3</DEWP>
		<STP>1015.8</STP>
		<SLP>1025.9</SLP>
		<VISIB>19.2</VISIB>
		<WDSP>22.1</WDSP>
		<PRCP>0.19</PRCP>
		<SNDP>0.0</SNDP>
		<FRSHTT>010000</FRSHTT>
		<CLDC>58.0</CLDC>
		<WNDDIR>12</WNDDIR>
	</MEASUREMENT> 
	<MEASUREMENT>
		<STN>77490</STN>
		<DATE>2019-01-30</DATE>
		<TIME>09:33:45</TIME>
		<TEMP>4.9</TEMP>
		<DEWP>0.1</DEWP>
		<STP>1012.3</STP>
		<SLP>1017.1</SLP>
		<VISIB>17.7</VISIB>
		<WDSP>35.9</WDSP>
		<PRCP>0.21</PRCP>
		<SNDP>0.0</SNDP>
		<FRSHTT>010000</FRSHTT>
		<CLDC>90.8</CLDC>
		<WNDDIR>192</WNDDIR>
	</MEASUREMENT> 
	<MEASUREMENT>
		<STN>76900</STN>
		<DATE>2019-01-30</DATE>
		<TIME>09:33:45</TIME>
		<TEMP>4.9</TEMP>
		<DEWP>-1.9</DEWP>
		<STP>1018.3</STP>
		<SLP>1016.3</SLP>
		<VISIB>11.8</VISIB>
		<WDSP>14.9</WDSP>
		<PRCP>0.05</PRCP>
		<SNDP>0.0</SNDP>
		<FRSHTT>010000</FRSHTT>
		<CLDC>50.1</CLDC>
		<WNDDIR>163</WNDDIR>
	</MEASUREMENT> 
	<MEASUREMENT>
		<STN>71790</STN>
		<DATE>2019-01-30</DATE>
		<TIME>09:33:45</TIME>
		<TEMP>1.8</TEMP>
		<DEWP>-0.3</DEWP>
		<STP>1011.8</STP>
		<SLP>1013.5</SLP>
		<VISIB>15.5</VISIB>
		<WDSP>14.6</WDSP>
		<PRCP>0.20</PRCP>
		<SNDP>0.0</SNDP>
		<FRSHTT>010000</FRSHTT>
		<CLDC>50.8</CLDC>
		<WNDDIR>298</WNDDIR>
	</MEASUREMENT> 
	<MEASUREMENT>
		<STN>71860</STN>
		<DATE>2019-01-30</DATE>
		<TIME>09:33:45</TIME>
		<TEMP>0.2</TEMP>
		<DEWP>-1.6</DEWP>
		<STP>1007.9</STP>
		<SLP>1010.3</SLP>
		<VISIB>8.6</VISIB>
		<WDSP>23.9</WDSP>
		<PRCP>0.17</PRCP>
		<SNDP>0.3</SNDP>
		<FRSHTT>011000</FRSHTT>
		<CLDC>50.5</CLDC>
		<WNDDIR>101</WNDDIR>
	</MEASUREMENT> 
	<MEASUREMENT>
		<STN>71470</STN>
		<DATE>2019-01-30</DATE>
		<TIME>09:33:45</TIME>
		<TEMP>0.3</TEMP>
		<DEWP>-2.7</DEWP>
		<STP>1005.2</STP>
		<SLP>1019.0</SLP>
		<VISIB>9.2</VISIB>
		<WDSP>16.0</WDSP>
		<PRCP>0.04</PRCP>
		<SNDP>0.0</SNDP>
		<FRSHTT>010000</FRSHTT>
		<CLDC>99.8</CLDC>
		<WNDDIR>214</WNDDIR>
	</MEASUREMENT> 
	<MEASUREMENT>
		<STN>71460</STN>
		<DATE>2019-01-30</DATE>
		<TIME>09:33:45</TIME>
		<TEMP>0.2</TEMP>
		<DEWP>-1.8</DEWP>
		<STP>1001.8</STP>
		<SLP>1021.6</SLP>
		<VISIB>11.2</VISIB>
		<WDSP>16.3</WDSP>
		<PRCP>0.00</PRCP>
		<SNDP>0.0</SNDP>
		<FRSHTT>000000</FRSHTT>
		<CLDC>76.3</CLDC>
		<WNDDIR>231</WNDDIR>
	</MEASUREMENT> 
	<MEASUREMENT>
		<STN>76840</STN>
		<DATE>2019-01-30</DATE>
		<TIME>09:33:45</TIME>
		<TEMP>5.4</TEMP>
		<DEWP>-0.9</DEWP>
		<STP>1010.2</STP>
		<SLP>1015.5</SLP>
		<VISIB>14.5</VISIB>
		<WDSP>9.4</WDSP>
		<PRCP>0.15</PRCP>
		<SNDP>0.0</SNDP>
		<FRSHTT>010000</FRSHTT>
		<CLDC>50.6</CLDC>
		<WNDDIR>136</WNDDIR>
	</MEASUREMENT> 
	<MEASUREMENT>
		<STN>72070</STN>
		<DATE>2019-01-30</DATE>
		<TIME>09:33:45</TIME>
		<TEMP>4.9</TEMP>
		<DEWP>2.0</DEWP>
		<STP>1013.1</STP>
		<SLP>1016.0</SLP>
		<VISIB>13.7</VISIB>
		<WDSP>29.6</WDSP>
		<PRCP>0.09</PRCP>
		<SNDP>0.0</SNDP>
		<FRSHTT>010000</FRSHTT>
		<CLDC>93.2</CLDC>
		<WNDDIR>42</WNDDIR>
	</MEASUREMENT> 
	<MEASUREMENT>
		<STN>77850</STN>
		<DATE>2019-01-30</DATE>
		<TIME>09:33:45</TIME>
		<TEMP>6.3</TEMP>
		<DEWP>1.9</DEWP>
		<STP>1020.9</STP>
		<SLP>1021.3</SLP>
		<VISIB>13.7</VISIB>
		<WDSP>23.4</WDSP>
		<PRCP>0.00</PRCP>
		<SNDP>0.0</SNDP>
		<FRSHTT>000000</FRSHTT>
		<CLDC>98.5</CLDC>
		<WNDDIR>10</WNDDIR>
	</MEASUREMENT> 
	<MEASUREMENT>
		<STN>73540</STN>
		<DATE>2019-01-30</DATE>
		<TIME>09:33:45</TIME>
		<TEMP>-1.3</TEMP>
		<DEWP>-4.9</DEWP>
		<STP>1004.4</STP>
		<SLP>1020.2</SLP>
		<VISIB>13.2</VISIB>
		<WDSP>18.5</WDSP>
		<PRCP>0.01</PRCP>
		<SNDP>0.1</SNDP>
		<FRSHTT>111000</FRSHTT>
		<CLDC>50.0</CLDC>
		<WNDDIR>19</WNDDIR>
	</MEASUREMENT> 
	<MEASUREMENT>
		<STN>72880</STN>
		<DATE>2019-01-30</DATE>
		<TIME>09:33:45</TIME>
		<TEMP>-1.2</TEMP>
		<DEWP>-3.7</DEWP>
		<STP>996.5</STP>
		<SLP>1022.1</SLP>
		<VISIB>9.9</VISIB>
		<WDSP>10.6</WDSP>
		<PRCP>0.07</PRCP>
		<SNDP>1.7</SNDP>
		<FRSHTT>111000</FRSHTT>
		<CLDC>73.8</CLDC>
		<WNDDIR>254</WNDDIR>
	</MEASUREMENT> 
	<MEASUREMENT>
		<STN>74860</STN>
		<DATE>2019-01-30</DATE>
		<TIME>09:33:45</TIME>
		<TEMP>-1.7</TEMP>
		<DEWP>-5.3</DEWP>
		<STP>993.3</STP>
		<SLP>1019.9</SLP>
		<VISIB>10.5</VISIB>
		<WDSP>11.0</WDSP>
		<PRCP>0.06</PRCP>
		<SNDP>0.3</SNDP>
		<FRSHTT>111000</FRSHTT>
		<CLDC>64.8</CLDC>
		<WNDDIR>325</WNDDIR>
	</MEASUREMENT> 
	<MEASUREMENT>
		<STN>70030</STN>
		<DATE>2019-01-30</DATE>
		<TIME>09:33:45</TIME>
		<TEMP>2.1</TEMP>
		<DEWP>-0.6</DEWP>
		<STP>1007.3</STP>
		<SLP>1005.4</SLP>
		<VISIB>8.6</VISIB>
		<WDSP>16.8</WDSP>
		<PRCP>0.00</PRCP>
		<SNDP>0.0</SNDP>
		<FRSHTT>000000</FRSHTT>
		<CLDC>50.4</CLDC>
		<WNDDIR>316</WNDDIR>
	</MEASUREMENT> 
	<MEASUREMENT>
		<STN>70020</STN>
		<DATE>2019-01-30</DATE>
		<TIME>09:33:45</TIME>
		<TEMP>2.1</TEMP>
		<DEWP>-0.1</DEWP>
		<STP>1016.3</STP>
		<SLP>1016.0</SLP>
		<VISIB>12.8</VISIB>
		<WDSP>23.1</WDSP>
		<PRCP>0.06</PRCP>
		<SNDP>0.0</SNDP>
		<FRSHTT>010000</FRSHTT>
		<CLDC>84.3</CLDC>
		<WNDDIR>24</WNDDIR>
	</MEASUREMENT> 
	<MEASUREMENT>
		<STN>71430</STN>
		<DATE>2019-01-30</DATE>
		<TIME>09:33:45</TIME>
		<TEMP>-0.2</TEMP>
		<DEWP>-2.8</DEWP>
		<STP>1012.0</STP>
		<SLP>1021.6</SLP>
		<VISIB>10.7</VISIB>
		<WDSP>12.2</WDSP>
		<PRCP>0.01</PRCP>
		<SNDP>0.0</SNDP>
		<FRSHTT>110000</FRSHTT>
		<CLDC>50.1</CLDC>
		<WNDDIR>299</WNDDIR>
	</MEASUREMENT> 
	<MEASUREMENT>
		<STN>72400</STN>
		<DATE>2019-01-30</DATE>
		<TIME>09:33:45</TIME>
		<TEMP>0.9</TEMP>
		<DEWP>-1.1</DEWP>
		<STP>1007.8</STP>
		<SLP>1018.6</SLP>
		<VISIB>8.8</VISIB>
		<WDSP>17.1</WDSP>
		<PRCP>0.05</PRCP>
		<SNDP>0.0</SNDP>
		<FRSHTT>010000</FRSHTT>
		<CLDC>85.7</CLDC>
		<WNDDIR>118</WNDDIR>
	</MEASUREMENT> 
	<MEASUREMENT>
		<STN>74700</STN>
		<DATE>2019-01-30</DATE>
		<TIME>09:33:45</TIME>
		<TEMP>0.0</TEMP>
		<DEWP>-2.3</DEWP>
		<STP>937.0</STP>
		<SLP>1024.1</SLP>
		<VISIB>12.6</VISIB>
		<WDSP>12.4</WDSP>
		<PRCP>0.01</PRCP>
		<SNDP>0.0</SNDP>
		<FRSHTT>010000</FRSHTT>
		<CLDC>96.8</CLDC>
		<WNDDIR>342</WNDDIR>
	</MEASUREMENT> 
	<MEASUREMENT>
		<STN>71210</STN>
		<DATE>2019-01-30</DATE>
		<TIME>09:33:45</TIME>
		<TEMP>3.9</TEMP>
		<DEWP>1.4</DEWP>
		<STP>1008.5</STP>
		<SLP>1012.8</SLP>
		<VISIB>15.5</VISIB>
		<WDSP>24.6</WDSP>
		<PRCP>0.14</PRCP>
		<SNDP>0.0</SNDP>
		<FRSHTT>010000</FRSHTT>
		<CLDC>50.8</CLDC>
		<WNDDIR>325</WNDDIR>
	</MEASUREMENT> 
	<MEASUREMENT>
		<STN>74600</STN>
		<DATE>2019-01-30</DATE>
		<TIME>09:33:45</TIME>
		<TEMP>-1.3</TEMP>
		<DEWP>-4.5</DEWP>
		<STP>1004.7</STP>
		<SLP>1019.6</SLP>
		<VISIB>10.4</VISIB>
		<WDSP>9.8</WDSP>
		<PRCP>0.02</PRCP>
		<SNDP>0.1</SNDP>
		<FRSHTT>111000</FRSHTT>
		<CLDC>50.6</CLDC>
		<WNDDIR>347</WNDDIR>
	</MEASUREMENT> 
	<MEASUREMENT>
		<STN>72050</STN>
		<DATE>2019-01-30</DATE>
		<TIME>09:33:45</TIME>
		<TEMP>2.6</TEMP>
		<DEWP>0.0</DEWP>
		<STP>1014.3</STP>
		<SLP>1018.0</SLP>
		<VISIB>9.7</VISIB>
		<WDSP>17.5</WDSP>
		<PRCP>0.10</PRCP>
		<SNDP>0.0</SNDP>
		<FRSHTT>010000</FRSHTT>
		<CLDC>64.7</CLDC>
		<WNDDIR>282</WNDDIR>
	</MEASUREMENT> 
	<MEASUREMENT>
		<STN>75490</STN>
		<DATE>2019-01-30</DATE>
		<TIME>09:33:45</TIME>
		<TEMP>1.3</TEMP>
		<DEWP>-4.1</DEWP>
		<STP>944.5</STP>
		<SLP>1020.6</SLP>
		<VISIB>23.8</VISIB>
		<WDSP>9.6</WDSP>
		<PRCP>0.00</PRCP>
		<SNDP>0.0</SNDP>
		<FRSHTT>000000</FRSHTT>
		<CLDC>54.6</CLDC>
		<WNDDIR>260</WNDDIR>
	</MEASUREMENT> 
	<MEASUREMENT>
		<STN>72300</STN>
		<DATE>2019-01-30</DATE>
		<TIME>09:33:45</TIME>
		<TEMP>1.8</TEMP>
		<DEWP>-1.2</DEWP>
		<STP>1014.5</STP>
		<SLP>1015.3</SLP>
		<VISIB>11.4</VISIB>
		<WDSP>13.2</WDSP>
		<PRCP>0.05</PRCP>
		<SNDP>0.0</SNDP>
		<FRSHTT>010000</FRSHTT>
		<CLDC>50.2</CLDC>
		<WNDDIR>151</WNDDIR>
	</MEASUREMENT> 
	<MEASUREMENT>
		<STN>77800</STN>
		<DATE>2019-01-30</DATE>
		<TIME>09:33:45</TIME>
		<TEMP>3.3</TEMP>
		<DEWP>-2.3</DEWP>
		<STP>1016.1</STP>
		<SLP>1012.0</SLP>
		<VISIB>13.3</VISIB>
		<WDSP>16.2</WDSP>
		<PRCP>0.07</PRCP>
		<SNDP>0.0</SNDP>
		<FRSHTT>010000</FRSHTT>
		<CLDC>87.6</CLDC>
		<WNDDIR>186</WNDDIR>
	</MEASUREMENT> 

	<MEASUREMENT>
		<STN>75630</STN>
		<DATE>2019-01-30</DATE>
		<TIME>09:33:45</TIME>
		<TEMP>5.4</TEMP>
		<DEWP>0.1</DEWP>
		<STP>1019.1</STP>
		<SLP>1025.0</SLP>
		<VISIB>20.3</VISIB>
		<WDSP>13.4</WDSP>
		<PRCP>0.00</PRCP>
		<SNDP>0.0</SNDP>
		<FRSHTT>000000</FRSHTT>
		<CLDC>57.4</CLDC>
		<WNDDIR>46</WNDDIR>
	</MEASUREMENT> 
	<MEASUREMENT>
		<STN>71270</STN>
		<DATE>2019-01-30</DATE>
		<TIME>09:33:45</TIME>
		<TEMP>2.8</TEMP>
		<DEWP>0.6</DEWP>
		<STP>1012.0</STP>
		<SLP>1011.3</SLP>
		<VISIB>16.6</VISIB>
		<WDSP>29.4</WDSP>
		<PRCP>0.10</PRCP>
		<SNDP>0.0</SNDP>
		<FRSHTT>010000</FRSHTT>
		<CLDC>89.9</CLDC>
		<WNDDIR>68</WNDDIR>
	</MEASUREMENT> 
	<MEASUREMENT>
		<STN>76270</STN>
		<DATE>2019-01-30</DATE>
		<TIME>09:33:45</TIME>
		<TEMP>-0.1</TEMP>
		<DEWP>-3.7</DEWP>
		<STP>999.0</STP>
		<SLP>1021.7</SLP>
		<VISIB>18.9</VISIB>
		<WDSP>9.8</WDSP>
		<PRCP>0.15</PRCP>
		<SNDP>0.2</SNDP>
		<FRSHTT>111000</FRSHTT>
		<CLDC>50.3</CLDC>
		<WNDDIR>286</WNDDIR>
	</MEASUREMENT> 
	<MEASUREMENT>
		<STN>77700</STN>
		<DATE>2019-01-30</DATE>
		<TIME>09:33:45</TIME>
		<TEMP>6.6</TEMP>
		<DEWP>1.9</DEWP>
		<STP>1022.2</STP>
		<SLP>1015.9</SLP>
		<VISIB>18.5</VISIB>
		<WDSP>30.7</WDSP>
		<PRCP>0.15</PRCP>
		<SNDP>0.0</SNDP>
		<FRSHTT>010000</FRSHTT>
		<CLDC>73.8</CLDC>
		<WNDDIR>314</WNDDIR>
	</MEASUREMENT> 

	<MEASUREMENT>
		<STN>76700</STN>
		<DATE>2019-01-30</DATE>
		<TIME>09:33:45</TIME>
		<TEMP>6.3</TEMP>
		<DEWP>2.3</DEWP>
		<STP>1004.8</STP>
		<SLP>1011.6</SLP>
		<VISIB>17.7</VISIB>
		<WDSP>42.9</WDSP>
		<PRCP>0.18</PRCP>
		<SNDP>0.0</SNDP>
		<FRSHTT>010000</FRSHTT>
		<CLDC>69.5</CLDC>
		<WNDDIR>233</WNDDIR>
	</MEASUREMENT> 
	<MEASUREMENT>
		<STN>76300</STN>
		<DATE>2019-01-30</DATE>
		<TIME>09:33:45</TIME>
		<TEMP>1.4</TEMP>
		<DEWP>-1.8</DEWP>
		<STP>1010.1</STP>
		<SLP>1018.8</SLP>
		<VISIB>10.8</VISIB>
		<WDSP>10.0</WDSP>
		<PRCP>0.08</PRCP>
		<SNDP>0.0</SNDP>
		<FRSHTT>010000</FRSHTT>
		<CLDC>73.7</CLDC>
		<WNDDIR>58</WNDDIR>
	</MEASUREMENT> 
	<MEASUREMENT>
		<STN>76310</STN>
		<DATE>2019-01-30</DATE>
		<TIME>09:33:45</TIME>
		<TEMP>3.9</TEMP>
		<DEWP>1.6</DEWP>
		<STP>1007.9</STP>
		<SLP>1028.8</SLP>
		<VISIB>4.4</VISIB>
		<WDSP>10.1</WDSP>
		<PRCP>0.00</PRCP>
		<SNDP>0.0</SNDP>
		<FRSHTT>000000</FRSHTT>
		<CLDC>86.4</CLDC>
		<WNDDIR>110</WNDDIR>
	</MEASUREMENT> 

	<MEASUREMENT>
		<STN>76470</STN>
		<DATE>2019-01-30</DATE>
		<TIME>09:33:45</TIME>
		<TEMP>2.5</TEMP>
		<DEWP>-2.1</DEWP>
		<STP>1012.7</STP>
		<SLP>1014.3</SLP>
		<VISIB>16.5</VISIB>
		<WDSP>21.4</WDSP>
		<PRCP>0.07</PRCP>
		<SNDP>0.0</SNDP>
		<FRSHTT>010000</FRSHTT>
		<CLDC>50.1</CLDC>
		<WNDDIR>223</WNDDIR>
	</MEASUREMENT> 
	<MEASUREMENT>
		<STN>76430</STN>
		<DATE>2019-01-30</DATE>
		<TIME>09:33:45</TIME>
		<TEMP>2.5</TEMP>
		<DEWP>-3.1</DEWP>
		<STP>1017.8</STP>
		<SLP>1018.1</SLP>
		<VISIB>16.1</VISIB>
		<WDSP>14.7</WDSP>
		<PRCP>0.07</PRCP>
		<SNDP>0.0</SNDP>
		<FRSHTT>010000</FRSHTT>
		<CLDC>50.1</CLDC>
		<WNDDIR>355</WNDDIR>
	</MEASUREMENT> 
	<MEASUREMENT>
		<STN>76380</STN>
		<DATE>2019-01-30</DATE>
		<TIME>09:33:45</TIME>
		<TEMP>1.7</TEMP>
		<DEWP>-4.6</DEWP>
		<STP>1024.9</STP>
		<SLP>1026.9</SLP>
		<VISIB>19.5</VISIB>
		<WDSP>15.9</WDSP>
		<PRCP>0.00</PRCP>
		<SNDP>0.0</SNDP>
		<FRSHTT>000000</FRSHTT>
		<CLDC>92.3</CLDC>
		<WNDDIR>90</WNDDIR>
	</MEASUREMENT> 
	<MEASUREMENT>
		<STN>73901</STN>
		<DATE>2019-01-30</DATE>
		<TIME>09:33:45</TIME>
		<TEMP>-2.7</TEMP>
		<DEWP>-2.7</DEWP>
		<STP>997.9</STP>
		<SLP>994.7</SLP>
		<VISIB>3.8</VISIB>
		<WDSP>9.3</WDSP>
		<PRCP>0.00</PRCP>
		<SNDP>0.0</SNDP>
		<FRSHTT>100000</FRSHTT>
		<CLDC>16.2</CLDC>
		<WNDDIR>176</WNDDIR>
	</MEASUREMENT> 

	<MEASUREMENT>
		<STN>73740</STN>
		<DATE>2019-01-30</DATE>
		<TIME>09:33:45</TIME>
		<TEMP>-2.3</TEMP>
		<DEWP>-5.2</DEWP>
		<STP>1002.6</STP>
		<SLP>1014.4</SLP>
		<VISIB>8.9</VISIB>
		<WDSP>8.2</WDSP>
		<PRCP>0.01</PRCP>
		<SNDP>0.4</SNDP>
		<FRSHTT>111000</FRSHTT>
		<CLDC>50.1</CLDC>
		<WNDDIR>357</WNDDIR>
	</MEASUREMENT> 
	<MEASUREMENT>
		<STN>73790</STN>
		<DATE>2019-01-30</DATE>
		<TIME>09:33:45</TIME>
		<TEMP>-5.7</TEMP>
		<DEWP>-8.1</DEWP>
		<STP>992.7</STP>
		<SLP>1023.5</SLP>
		<VISIB>3.7</VISIB>
		<WDSP>2.4</WDSP>
		<PRCP>0.00</PRCP>
		<SNDP>0.8</SNDP>
		<FRSHTT>101000</FRSHTT>
		<CLDC>84.0</CLDC>
		<WNDDIR>300</WNDDIR>
	</MEASUREMENT> 
	<MEASUREMENT>
		<STN>71390</STN>
		<DATE>2019-01-30</DATE>
		<TIME>09:33:45</TIME>
		<TEMP>0.9</TEMP>
		<DEWP>-1.2</DEWP>
		<STP>1008.6</STP>
		<SLP>1015.2</SLP>
		<VISIB>10.6</VISIB>
		<WDSP>13.4</WDSP>
		<PRCP>0.07</PRCP>
		<SNDP>0.0</SNDP>
		<FRSHTT>010000</FRSHTT>
		<CLDC>88.3</CLDC>
		<WNDDIR>80</WNDDIR>
	</MEASUREMENT> 
	<MEASUREMENT>
		<STN>70290</STN>
		<DATE>2019-01-30</DATE>
		<TIME>09:33:45</TIME>
		<TEMP>3.6</TEMP>
		<DEWP>0.8</DEWP>
		<STP>1000.5</STP>
		<SLP>995.1</SLP>
		<VISIB>17.3</VISIB>
		<WDSP>29.4</WDSP>
		<PRCP>0.47</PRCP>
		<SNDP>0.0</SNDP>
		<FRSHTT>010000</FRSHTT>
		<CLDC>92.2</CLDC>
		<WNDDIR>344</WNDDIR>
	</MEASUREMENT> 
	<MEASUREMENT>
		<STN>72800</STN>
		<DATE>2019-01-30</DATE>
		<TIME>09:33:45</TIME>
		<TEMP>-1.6</TEMP>
		<DEWP>-4.0</DEWP>
		<STP>1009.2</STP>
		<SLP>1020.3</SLP>
		<VISIB>9.0</VISIB>
		<WDSP>13.8</WDSP>
		<PRCP>0.04</PRCP>
		<SNDP>0.4</SNDP>
		<FRSHTT>111000</FRSHTT>
		<CLDC>86.6</CLDC>
		<WNDDIR>103</WNDDIR>
	</MEASUREMENT> 
	<MEASUREMENT>
		<STN>72830</STN>
		<DATE>2019-01-30</DATE>
		<TIME>09:33:45</TIME>
		<TEMP>0.9</TEMP>
		<DEWP>-0.3</DEWP>
		<STP>1018.5</STP>
		<SLP>1008.0</SLP>
		<VISIB>5.9</VISIB>
		<WDSP>28.1</WDSP>
		<PRCP>0.39</PRCP>
		<SNDP>0.0</SNDP>
		<FRSHTT>010000</FRSHTT>
		<CLDC>50.5</CLDC>
		<WNDDIR>67</WNDDIR>
	</MEASUREMENT> 
	<MEASUREMENT>
		<STN>72950</STN>
		<DATE>2019-01-30</DATE>
		<TIME>09:33:45</TIME>
		<TEMP>0.5</TEMP>
		<DEWP>-2.0</DEWP>
		<STP>990.6</STP>
		<SLP>1026.1</SLP>
		<VISIB>3.1</VISIB>
		<WDSP>15.3</WDSP>
		<PRCP>0.17</PRCP>
		<SNDP>0.0</SNDP>
		<FRSHTT>010000</FRSHTT>
		<CLDC>50.5</CLDC>
		<WNDDIR>247</WNDDIR>
	</MEASUREMENT> 
	<MEASUREMENT>
		<STN>72170</STN>
		<DATE>2019-01-30</DATE>
		<TIME>09:33:45</TIME>
		<TEMP>-0.2</TEMP>
		<DEWP>-2.7</DEWP>
		<STP>1018.6</STP>
		<SLP>1018.1</SLP>
		<VISIB>8.9</VISIB>
		<WDSP>17.6</WDSP>
		<PRCP>0.01</PRCP>
		<SNDP>0.0</SNDP>
		<FRSHTT>110000</FRSHTT>
		<CLDC>50.7</CLDC>
		<WNDDIR>307</WNDDIR>
	</MEASUREMENT> 
	<MEASUREMENT>
		<STN>70100</STN>
		<DATE>2019-01-30</DATE>
		<TIME>09:33:45</TIME>
		<TEMP>2.0</TEMP>
		<DEWP>-0.4</DEWP>
		<STP>1013.0</STP>
		<SLP>1012.2</SLP>
		<VISIB>12.2</VISIB>
		<WDSP>26.5</WDSP>
		<PRCP>0.05</PRCP>
		<SNDP>0.0</SNDP>
		<FRSHTT>010000</FRSHTT>
		<CLDC>50.0</CLDC>
		<WNDDIR>49</WNDDIR>
	</MEASUREMENT> 
	<MEASUREMENT>
		<STN>73175</STN>
		<DATE>2019-01-30</DATE>
		<TIME>09:33:45</TIME>
		<TEMP>0.0</TEMP>
		<DEWP>-1.0</DEWP>
		<STP>1008.4</STP>
		<SLP>1008.0</SLP>
		<VISIB>7.6</VISIB>
		<WDSP>20.2</WDSP>
		<PRCP>0.00</PRCP>
		<SNDP>0.0</SNDP>
		<FRSHTT>000000</FRSHTT>
		<CLDC>91.5</CLDC>
		<WNDDIR>334</WNDDIR>
	</MEASUREMENT> 
	<MEASUREMENT>
		<STN>74810</STN>
		<DATE>2019-01-30</DATE>
		<TIME>09:33:45</TIME>
		<TEMP>-1.1</TEMP>
		<DEWP>-3.5</DEWP>
		<STP>1004.2</STP>
		<SLP>1021.2</SLP>
		<VISIB>8.8</VISIB>
		<WDSP>13.7</WDSP>
		<PRCP>0.04</PRCP>
		<SNDP>0.1</SNDP>
		<FRSHTT>111000</FRSHTT>
		<CLDC>84.4</CLDC>
		<WNDDIR>163</WNDDIR>
	</MEASUREMENT> 
	<MEASUREMENT>
		<STN>74800</STN>
		<DATE>2019-01-30</DATE>
		<TIME>09:33:45</TIME>
		<TEMP>-0.1</TEMP>
		<DEWP>-3.6</DEWP>
		<STP>1007.6</STP>
		<SLP>1016.2</SLP>
		<VISIB>10.1</VISIB>
		<WDSP>12.5</WDSP>
		<PRCP>0.01</PRCP>
		<SNDP>0.1</SNDP>
		<FRSHTT>111000</FRSHTT>
		<CLDC>83.8</CLDC>
		<WNDDIR>24</WNDDIR>
	</MEASUREMENT> 
	<MEASUREMENT>
		<STN>71900</STN>
		<DATE>2019-01-30</DATE>
		<TIME>09:33:45</TIME>
		<TEMP>-1.5</TEMP>
		<DEWP>-4.2</DEWP>
		<STP>1010.5</STP>
		<SLP>1021.3</SLP>
		<VISIB>7.2</VISIB>
		<WDSP>12.1</WDSP>
		<PRCP>0.04</PRCP>
		<SNDP>0.1</SNDP>
		<FRSHTT>111000</FRSHTT>
		<CLDC>69.6</CLDC>
		<WNDDIR>198</WNDDIR>
	</MEASUREMENT> 
	<MEASUREMENT>
		<STN>76450</STN>
		<DATE>2019-01-30</DATE>
		<TIME>09:33:45</TIME>
		<TEMP>2.3</TEMP>
		<DEWP>-3.2</DEWP>
		<STP>1016.3</STP>
		<SLP>1017.9</SLP>
		<VISIB>17.1</VISIB>
		<WDSP>11.6</WDSP>
		<PRCP>0.16</PRCP>
		<SNDP>0.0</SNDP>
		<FRSHTT>010000</FRSHTT>
		<CLDC>50.0</CLDC>
		<WNDDIR>180</WNDDIR>
	</MEASUREMENT> 
	<MEASUREMENT>
		<STN>76530</STN>
		<DATE>2019-01-30</DATE>
		<TIME>09:33:45</TIME>
		<TEMP>5.2</TEMP>
		<DEWP>0.2</DEWP>
		<STP>1012.8</STP>
		<SLP>1012.1</SLP>
		<VISIB>15.4</VISIB>
		<WDSP>22.4</WDSP>
		<PRCP>0.25</PRCP>
		<SNDP>0.0</SNDP>
		<FRSHTT>010000</FRSHTT>
		<CLDC>93.6</CLDC>
		<WNDDIR>162</WNDDIR>
	</MEASUREMENT> 

	<MEASUREMENT>
		<STN>76320</STN>
		<DATE>2019-01-30</DATE>
		<TIME>09:33:45</TIME>
		<TEMP>-4.5</TEMP>
		<DEWP>-4.6</DEWP>
		<STP>1023.0</STP>
		<SLP>1026.4</SLP>
		<VISIB>2.6</VISIB>
		<WDSP>3.8</WDSP>
		<PRCP>0.00</PRCP>
		<SNDP>0.0</SNDP>
		<FRSHTT>100000</FRSHTT>
		<CLDC>46.2</CLDC>
		<WNDDIR>262</WNDDIR>
	</MEASUREMENT> 
	<MEASUREMENT>
		<STN>76350</STN>
		<DATE>2019-01-30</DATE>
		<TIME>09:33:45</TIME>
		<TEMP>2.3</TEMP>
		<DEWP>-0.8</DEWP>
		<STP>1014.9</STP>
		<SLP>1022.1</SLP>
		<VISIB>10.4</VISIB>
		<WDSP>21.1</WDSP>
		<PRCP>0.23</PRCP>
		<SNDP>0.0</SNDP>
		<FRSHTT>010000</FRSHTT>
		<CLDC>50.0</CLDC>
		<WNDDIR>296</WNDDIR>
	</MEASUREMENT> 
	<MEASUREMENT>
		<STN>70550</STN>
		<DATE>2019-01-30</DATE>
		<TIME>09:33:45</TIME>
		<TEMP>0.3</TEMP>
		<DEWP>-1.9</DEWP>
		<STP>1005.2</STP>
		<SLP>1021.4</SLP>
		<VISIB>12.4</VISIB>
		<WDSP>17.1</WDSP>
		<PRCP>0.02</PRCP>
		<SNDP>0.0</SNDP>
		<FRSHTT>010000</FRSHTT>
		<CLDC>50.0</CLDC>
		<WNDDIR>202</WNDDIR>
	</MEASUREMENT> 

	<MEASUREMENT>
		<STN>75030</STN>
		<DATE>2019-01-30</DATE>
		<TIME>09:33:45</TIME>
		<TEMP>5.9</TEMP>
		<DEWP>4.1</DEWP>
		<STP>1008.9</STP>
		<SLP>1013.9</SLP>
		<VISIB>7.6</VISIB>
		<WDSP>20.8</WDSP>
		<PRCP>0.14</PRCP>
		<SNDP>0.0</SNDP>
		<FRSHTT>010000</FRSHTT>
		<CLDC>50.3</CLDC>
		<WNDDIR>277</WNDDIR>
	</MEASUREMENT> 
	<MEASUREMENT>
		<STN>71070</STN>
		<DATE>2019-01-30</DATE>
		<TIME>09:33:45</TIME>
		<TEMP>5.4</TEMP>
		<DEWP>1.9</DEWP>
		<STP>1024.9</STP>
		<SLP>1027.2</SLP>
		<VISIB>19.4</VISIB>
		<WDSP>14.0</WDSP>
		<PRCP>0.00</PRCP>
		<SNDP>0.0</SNDP>
		<FRSHTT>000000</FRSHTT>
		<CLDC>33.0</CLDC>
		<WNDDIR>317</WNDDIR>
	</MEASUREMENT> 
	<MEASUREMENT>
		<STN>77610</STN>
		<DATE>2019-01-30</DATE>
		<TIME>09:33:45</TIME>
		<TEMP>3.0</TEMP>
		<DEWP>-0.7</DEWP>
		<STP>1017.0</STP>
		<SLP>1015.2</SLP>
		<VISIB>13.0</VISIB>
		<WDSP>12.0</WDSP>
		<PRCP>0.18</PRCP>
		<SNDP>0.0</SNDP>
		<FRSHTT>010000</FRSHTT>
		<CLDC>50.3</CLDC>
		<WNDDIR>225</WNDDIR>
	</MEASUREMENT> 
	<MEASUREMENT>
		<STN>71500</STN>
		<DATE>2019-01-30</DATE>
		<TIME>09:33:45</TIME>
		<TEMP>1.0</TEMP>
		<DEWP>-1.4</DEWP>
		<STP>1010.4</STP>
		<SLP>1014.8</SLP>
		<VISIB>8.8</VISIB>
		<WDSP>14.8</WDSP>
		<PRCP>0.04</PRCP>
		<SNDP>0.0</SNDP>
		<FRSHTT>010000</FRSHTT>
		<CLDC>50.2</CLDC>
		<WNDDIR>278</WNDDIR>
	</MEASUREMENT> 
	<MEASUREMENT>
		<STN>76670</STN>
		<DATE>2019-01-30</DATE>
		<TIME>09:33:45</TIME>
		<TEMP>3.9</TEMP>
		<DEWP>-3.4</DEWP>
		<STP>1017.4</STP>
		<SLP>1018.0</SLP>
		<VISIB>13.7</VISIB>
		<WDSP>15.3</WDSP>
		<PRCP>0.03</PRCP>
		<SNDP>0.0</SNDP>
		<FRSHTT>010000</FRSHTT>
		<CLDC>57.1</CLDC>
		<WNDDIR>148</WNDDIR>
	</MEASUREMENT> 
	<MEASUREMENT>
		<STN>71690</STN>
		<DATE>2019-01-30</DATE>
		<TIME>09:33:45</TIME>
		<TEMP>0.2</TEMP>
		<DEWP>-2.6</DEWP>
		<STP>1017.9</STP>
		<SLP>1016.3</SLP>
		<VISIB>9.0</VISIB>
		<WDSP>13.5</WDSP>
		<PRCP>0.10</PRCP>
		<SNDP>0.0</SNDP>
		<FRSHTT>010000</FRSHTT>
		<CLDC>94.2</CLDC>
		<WNDDIR>2</WNDDIR>
	</MEASUREMENT> 

	<MEASUREMENT>
		<STN>71000</STN>
		<DATE>2019-01-30</DATE>
		<TIME>09:33:45</TIME>
		<TEMP>5.8</TEMP>
		<DEWP>3.4</DEWP>
		<STP>1011.9</STP>
		<SLP>1013.4</SLP>
		<VISIB>15.7</VISIB>
		<WDSP>37.5</WDSP>
		<PRCP>0.16</PRCP>
		<SNDP>0.0</SNDP>
		<FRSHTT>010000</FRSHTT>
		<CLDC>81.0</CLDC>
		<WNDDIR>327</WNDDIR>
	</MEASUREMENT> 
	<MEASUREMENT>
		<STN>73860</STN>
		<DATE>2019-01-30</DATE>
		<TIME>09:33:45</TIME>
		<TEMP>-1.5</TEMP>
		<DEWP>-1.9</DEWP>
		<STP>1001.2</STP>
		<SLP>1026.0</SLP>
		<VISIB>5.5</VISIB>
		<WDSP>6.3</WDSP>
		<PRCP>0.00</PRCP>
		<SNDP>0.0</SNDP>
		<FRSHTT>100000</FRSHTT>
		<CLDC>71.2</CLDC>
		<WNDDIR>6</WNDDIR>
	</MEASUREMENT> 
	<MEASUREMENT>
		<STN>72990</STN>
		<DATE>2019-01-30</DATE>
		<TIME>09:33:45</TIME>
		<TEMP>-2.4</TEMP>
		<DEWP>-5.4</DEWP>
		<STP>1009.8</STP>
		<SLP>1022.2</SLP>
		<VISIB>7.8</VISIB>
		<WDSP>11.4</WDSP>
		<PRCP>0.05</PRCP>
		<SNDP>0.1</SNDP>
		<FRSHTT>111000</FRSHTT>
		<CLDC>75.9</CLDC>
		<WNDDIR>181</WNDDIR>
	</MEASUREMENT> 
	<MEASUREMENT>
		<STN>76070</STN>
		<DATE>2019-01-30</DATE>
		<TIME>09:33:45</TIME>
		<TEMP>0.7</TEMP>
		<DEWP>-1.0</DEWP>
		<STP>1016.1</STP>
		<SLP>1019.5</SLP>
		<VISIB>10.6</VISIB>
		<WDSP>10.1</WDSP>
		<PRCP>0.12</PRCP>
		<SNDP>0.0</SNDP>
		<FRSHTT>010000</FRSHTT>
		<CLDC>72.9</CLDC>
		<WNDDIR>171</WNDDIR>
	</MEASUREMENT> 
	<MEASUREMENT>
		<STN>75880</STN>
		<DATE>2019-01-30</DATE>
		<TIME>09:33:45</TIME>
		<TEMP>-4.7</TEMP>
		<DEWP>-8.5</DEWP>
		<STP>966.8</STP>
		<SLP>1023.5</SLP>
		<VISIB>53.3</VISIB>
		<WDSP>5.5</WDSP>
		<PRCP>0.00</PRCP>
		<SNDP>0.0</SNDP>
		<FRSHTT>100000</FRSHTT>
		<CLDC>19.0</CLDC>
		<WNDDIR>62</WNDDIR>
	</MEASUREMENT> 
	<MEASUREMENT>
		<STN>70270</STN>
		<DATE>2019-01-30</DATE>
		<TIME>09:33:45</TIME>
		<TEMP>1.6</TEMP>
		<DEWP>-1.3</DEWP>
		<STP>1016.2</STP>
		<SLP>1017.9</SLP>
		<VISIB>9.6</VISIB>
		<WDSP>19.5</WDSP>
		<PRCP>0.06</PRCP>
		<SNDP>0.0</SNDP>
		<FRSHTT>010000</FRSHTT>
		<CLDC>50.1</CLDC>
		<WNDDIR>229</WNDDIR>
	</MEASUREMENT> 
	<MEASUREMENT>
		<STN>70240</STN>
		<DATE>2019-01-30</DATE>
		<TIME>09:33:45</TIME>
		<TEMP>2.6</TEMP>
		<DEWP>-1.0</DEWP>
		<STP>1008.7</STP>
		<SLP>1013.1</SLP>
		<VISIB>11.5</VISIB>
		<WDSP>23.2</WDSP>
		<PRCP>0.15</PRCP>
		<SNDP>0.2</SNDP>
		<FRSHTT>011000</FRSHTT>
		<CLDC>50.1</CLDC>
		<WNDDIR>151</WNDDIR>
	</MEASUREMENT> 

	<MEASUREMENT>
		<STN>70310</STN>
		<DATE>2019-01-30</DATE>
		<TIME>09:33:45</TIME>
		<TEMP>1.5</TEMP>
		<DEWP>-1.3</DEWP>
		<STP>1009.9</STP>
		<SLP>1014.3</SLP>
		<VISIB>10.1</VISIB>
		<WDSP>19.0</WDSP>
		<PRCP>0.17</PRCP>
		<SNDP>0.0</SNDP>
		<FRSHTT>010000</FRSHTT>
		<CLDC>50.6</CLDC>
		<WNDDIR>207</WNDDIR>
	</MEASUREMENT> 
	<MEASUREMENT>
		<STN>77910</STN>
		<DATE>2019-01-30</DATE>
		<TIME>09:33:45</TIME>
		<TEMP>3.7</TEMP>
		<DEWP>-2.1</DEWP>
		<STP>994.5</STP>
		<SLP>1021.2</SLP>
		<VISIB>16.1</VISIB>
		<WDSP>13.5</WDSP>
		<PRCP>0.00</PRCP>
		<SNDP>0.0</SNDP>
		<FRSHTT>000000</FRSHTT>
		<CLDC>0.1</CLDC>
		<WNDDIR>306</WNDDIR>
	</MEASUREMENT> 

	<MEASUREMENT>
		<STN>76000</STN>
		<DATE>2019-01-30</DATE>
		<TIME>09:33:45</TIME>
		<TEMP>2.5</TEMP>
		<DEWP>-0.7</DEWP>
		<STP>1017.2</STP>
		<SLP>1022.6</SLP>
		<VISIB>12.6</VISIB>
		<WDSP>8.1</WDSP>
		<PRCP>0.00</PRCP>
		<SNDP>0.0</SNDP>
		<FRSHTT>000000</FRSHTT>
		<CLDC>75.7</CLDC>
		<WNDDIR>21</WNDDIR>
	</MEASUREMENT> 
	<MEASUREMENT>
		<STN>76030</STN>
		<DATE>2019-01-30</DATE>
		<TIME>09:33:45</TIME>
		<TEMP>3.7</TEMP>
		<DEWP>1.1</DEWP>
		<STP>1000.6</STP>
		<SLP>1014.9</SLP>
		<VISIB>13.2</VISIB>
		<WDSP>11.0</WDSP>
		<PRCP>0.21</PRCP>
		<SNDP>0.0</SNDP>
		<FRSHTT>010000</FRSHTT>
		<CLDC>97.3</CLDC>
		<WNDDIR>333</WNDDIR>
	</MEASUREMENT> 
	<MEASUREMENT>
		<STN>76950</STN>
		<DATE>2019-01-30</DATE>
		<TIME>09:33:45</TIME>
		<TEMP>6.7</TEMP>
		<DEWP>0.6</DEWP>
		<STP>1011.6</STP>
		<SLP>1010.5</SLP>
		<VISIB>29.5</VISIB>
		<WDSP>18.7</WDSP>
		<PRCP>0.03</PRCP>
		<SNDP>0.0</SNDP>
		<FRSHTT>010000</FRSHTT>
		<CLDC>50.5</CLDC>
		<WNDDIR>202</WNDDIR>
	</MEASUREMENT> 
	<MEASUREMENT>
		<STN>71810</STN>
		<DATE>2019-01-30</DATE>
		<TIME>09:33:45</TIME>
		<TEMP>-1.5</TEMP>
		<DEWP>-3.2</DEWP>
		<STP>982.6</STP>
		<SLP>1014.9</SLP>
		<VISIB>10.3</VISIB>
		<WDSP>17.1</WDSP>
		<PRCP>0.06</PRCP>
		<SNDP>0.8</SNDP>
		<FRSHTT>111000</FRSHTT>
		<CLDC>98.7</CLDC>
		<WNDDIR>279</WNDDIR>
	</MEASUREMENT> 
	<MEASUREMENT>
		<STN>76020</STN>
		<DATE>2019-01-30</DATE>
		<TIME>09:33:45</TIME>
		<TEMP>1.1</TEMP>
		<DEWP>-1.6</DEWP>
		<STP>1013.8</STP>
		<SLP>1019.8</SLP>
		<VISIB>12.2</VISIB>
		<WDSP>11.6</WDSP>
		<PRCP>0.20</PRCP>
		<SNDP>0.0</SNDP>
		<FRSHTT>010000</FRSHTT>
		<CLDC>51.2</CLDC>
		<WNDDIR>168</WNDDIR>
	</MEASUREMENT> 
	<MEASUREMENT>
		<STN>74710</STN>
		<DATE>2019-01-30</DATE>
		<TIME>09:33:45</TIME>
		<TEMP>-6.0</TEMP>
		<DEWP>-10.0</DEWP>
		<STP>936.7</STP>
		<SLP>932.8</SLP>
		<VISIB>19.0</VISIB>
		<WDSP>10.8</WDSP>
		<PRCP>0.03</PRCP>
		<SNDP>2.0</SNDP>
		<FRSHTT>111000</FRSHTT>
		<CLDC>73.0</CLDC>
		<WNDDIR>316</WNDDIR>
	</MEASUREMENT> 
	<MEASUREMENT>
		<STN>75790</STN>
		<DATE>2019-01-30</DATE>
		<TIME>09:33:45</TIME>
		<TEMP>1.2</TEMP>
		<DEWP>-2.7</DEWP>
		<STP>1015.5</STP>
		<SLP>1016.1</SLP>
		<VISIB>15.8</VISIB>
		<WDSP>17.3</WDSP>
		<PRCP>0.04</PRCP>
		<SNDP>0.0</SNDP>
		<FRSHTT>010000</FRSHTT>
		<CLDC>75.9</CLDC>
		<WNDDIR>242</WNDDIR>
	</MEASUREMENT> 
	<MEASUREMENT>
		<STN>73160</STN>
		<DATE>2019-01-30</DATE>
		<TIME>09:33:45</TIME>
		<TEMP>0.7</TEMP>
		<DEWP>-2.2</DEWP>
		<STP>1022.5</STP>
		<SLP>1025.0</SLP>
		<VISIB>5.5</VISIB>
		<WDSP>15.1</WDSP>
		<PRCP>0.01</PRCP>
		<SNDP>0.0</SNDP>
		<FRSHTT>010000</FRSHTT>
		<CLDC>86.8</CLDC>
		<WNDDIR>186</WNDDIR>
	</MEASUREMENT> 
	<MEASUREMENT>
		<STN>73140</STN>
		<DATE>2019-01-30</DATE>
		<TIME>09:33:45</TIME>
		<TEMP>5.1</TEMP>
		<DEWP>2.3</DEWP>
		<STP>1018.2</STP>
		<SLP>1018.9</SLP>
		<VISIB>14.0</VISIB>
		<WDSP>27.2</WDSP>
		<PRCP>0.18</PRCP>
		<SNDP>0.0</SNDP>
		<FRSHTT>010000</FRSHTT>
		<CLDC>50.4</CLDC>
		<WNDDIR>80</WNDDIR>
	</MEASUREMENT> 
	<MEASUREMENT>
		<STN>73300</STN>
		<DATE>2019-01-30</DATE>
		<TIME>09:33:45</TIME>
		<TEMP>-1.8</TEMP>
		<DEWP>-5.2</DEWP>
		<STP>1016.2</STP>
		<SLP>1027.0</SLP>
		<VISIB>11.0</VISIB>
		<WDSP>11.8</WDSP>
		<PRCP>0.00</PRCP>
		<SNDP>0.0</SNDP>
		<FRSHTT>100000</FRSHTT>
		<CLDC>59.0</CLDC>
		<WNDDIR>273</WNDDIR>
	</MEASUREMENT> 
	<MEASUREMENT>
		<STN>73901</STN>
		<DATE>2019-01-30</DATE>
		<TIME>09:33:46</TIME>
		<TEMP>-2.8</TEMP>
		<DEWP>-3.6</DEWP>
		<STP>997.7</STP>
		<SLP>994.7</SLP>
		<VISIB>3.7</VISIB>
		<WDSP>9.3</WDSP>
		<PRCP>0.00</PRCP>
		<SNDP>0.0</SNDP>
		<FRSHTT>100000</FRSHTT>
		<CLDC>16.3</CLDC>
		<WNDDIR>176</WNDDIR>
	</MEASUREMENT> 
	<MEASUREMENT>
		<STN>77850</STN>
		<DATE>2019-01-30</DATE>
		<TIME>09:33:46</TIME>
		<TEMP>6.7</TEMP>
		<DEWP>1.9</DEWP>
		<STP>1020.9</STP>
		<SLP>1021.3</SLP>
		<VISIB>13.6</VISIB>
		<WDSP>23.3</WDSP>
		<PRCP>0.00</PRCP>
		<SNDP>0.0</SNDP>
		<FRSHTT>000000</FRSHTT>
		<CLDC>98.5</CLDC>
		<WNDDIR>10</WNDDIR>
	</MEASUREMENT> 
	<MEASUREMENT>
		<STN>73160</STN>
		<DATE>2019-01-30</DATE>
		<TIME>09:33:46</TIME>
		<TEMP>0.7</TEMP>
		<DEWP>-1.5</DEWP>
		<STP>1022.6</STP>
		<SLP>1025.0</SLP>
		<VISIB>5.5</VISIB>
		<WDSP>15.0</WDSP>
		<PRCP>0.01</PRCP>
		<SNDP>0.0</SNDP>
		<FRSHTT>010000</FRSHTT>
		<CLDC>86.8</CLDC>
		<WNDDIR>187</WNDDIR>
	</MEASUREMENT> 
	<MEASUREMENT>
		<STN>73140</STN>
		<DATE>2019-01-30</DATE>
		<TIME>09:33:46</TIME>
		<TEMP>5.1</TEMP>
		<DEWP>2.3</DEWP>
		<STP>1018.2</STP>
		<SLP>1018.9</SLP>
		<VISIB>14.0</VISIB>
		<WDSP>27.1</WDSP>
		<PRCP>0.18</PRCP>
		<SNDP>0.0</SNDP>
		<FRSHTT>010000</FRSHTT>
		<CLDC>50.4</CLDC>
		<WNDDIR>79</WNDDIR>
	</MEASUREMENT> 
	<MEASUREMENT>
		<STN>76610</STN>
		<DATE>2019-01-30</DATE>
		<TIME>09:33:46</TIME>
		<TEMP>6.1</TEMP>
		<DEWP>0.8</DEWP>
		<STP>1015.9</STP>
		<SLP>1016.0</SLP>
		<VISIB>17.8</VISIB>
		<WDSP>31.1</WDSP>
		<PRCP>0.01</PRCP>
		<SNDP>0.0</SNDP>
		<FRSHTT>010000</FRSHTT>
		<CLDC>65.9</CLDC>
		<WNDDIR>264</WNDDIR>
	</MEASUREMENT> 
	<MEASUREMENT>
		<STN>76600</STN>
		<DATE>2019-01-30</DATE>
		<TIME>09:33:46</TIME>
		<TEMP>5.6</TEMP>
		<DEWP>1.1</DEWP>
		<STP>1007.6</STP>
		<SLP>1013.3</SLP>
		<VISIB>19.0</VISIB>
		<WDSP>23.3</WDSP>
		<PRCP>0.22</PRCP>
		<SNDP>0.0</SNDP>
		<FRSHTT>010000</FRSHTT>
		<CLDC>50.3</CLDC>
		<WNDDIR>92</WNDDIR>
	</MEASUREMENT> 
	<MEASUREMENT>
		<STN>72990</STN>
		<DATE>2019-01-30</DATE>
		<TIME>09:33:46</TIME>
		<TEMP>-2.4</TEMP>
		<DEWP>-5.4</DEWP>
		<STP>1009.8</STP>
		<SLP>1022.2</SLP>
		<VISIB>7.9</VISIB>
		<WDSP>11.5</WDSP>
		<PRCP>0.05</PRCP>
		<SNDP>0.1</SNDP>
		<FRSHTT>111000</FRSHTT>
		<CLDC>75.9</CLDC>
		<WNDDIR>181</WNDDIR>
	</MEASUREMENT> 
	<MEASUREMENT>
		<STN>75790</STN>
		<DATE>2019-01-30</DATE>
		<TIME>09:33:46</TIME>
		<TEMP>1.2</TEMP>
		<DEWP>-2.7</DEWP>
		<STP>1015.6</STP>
		<SLP>1016.1</SLP>
		<VISIB>15.7</VISIB>
		<WDSP>17.4</WDSP>
		<PRCP>0.04</PRCP>
		<SNDP>0.0</SNDP>
		<FRSHTT>010000</FRSHTT>
		<CLDC>75.8</CLDC>
		<WNDDIR>241</WNDDIR>
	</MEASUREMENT> 
	<MEASUREMENT>
		<STN>71090</STN>
		<DATE>2019-01-30</DATE>
		<TIME>09:33:46</TIME>
		<TEMP>3.9</TEMP>
		<DEWP>-0.2</DEWP>
		<STP>1015.9</STP>
		<SLP>1025.8</SLP>
		<VISIB>19.3</VISIB>
		<WDSP>22.2</WDSP>
		<PRCP>0.19</PRCP>
		<SNDP>0.0</SNDP>
		<FRSHTT>010000</FRSHTT>
		<CLDC>58.0</CLDC>
		<WNDDIR>11</WNDDIR>
	</MEASUREMENT> 
	<MEASUREMENT>
		<STN>72070</STN>
		<DATE>2019-01-30</DATE>
		<TIME>09:33:46</TIME>
		<TEMP>4.9</TEMP>
		<DEWP>2.5</DEWP>
		<STP>1013.1</STP>
		<SLP>1016.0</SLP>
		<VISIB>13.8</VISIB>
		<WDSP>29.7</WDSP>
		<PRCP>0.09</PRCP>
		<SNDP>0.0</SNDP>
		<FRSHTT>010000</FRSHTT>
		<CLDC>93.3</CLDC>
		<WNDDIR>43</WNDDIR>
	</MEASUREMENT> 
	<MEASUREMENT>
		<STN>72050</STN>
		<DATE>2019-01-30</DATE>
		<TIME>09:33:46</TIME>
		<TEMP>2.7</TEMP>
		<DEWP>-0.7</DEWP>
		<STP>1014.3</STP>
		<SLP>1017.9</SLP>
		<VISIB>9.7</VISIB>
		<WDSP>17.4</WDSP>
		<PRCP>0.10</PRCP>
		<SNDP>0.0</SNDP>
		<FRSHTT>010000</FRSHTT>
		<CLDC>64.7</CLDC>
		<WNDDIR>282</WNDDIR>
	</MEASUREMENT> 
	<MEASUREMENT>
		<STN>77800</STN>
		<DATE>2019-01-30</DATE>
		<TIME>09:33:46</TIME>
		<TEMP>3.2</TEMP>
		<DEWP>-2.3</DEWP>
		<STP>1016.1</STP>
		<SLP>1012.0</SLP>
		<VISIB>13.2</VISIB>
		<WDSP>16.2</WDSP>
		<PRCP>0.07</PRCP>
		<SNDP>0.0</SNDP>
		<FRSHTT>010000</FRSHTT>
		<CLDC>87.5</CLDC>
		<WNDDIR>186</WNDDIR>
	</MEASUREMENT> 
	<MEASUREMENT>
		<STN>71860</STN>
		<DATE>2019-01-30</DATE>
		<TIME>09:33:46</TIME>
		<TEMP>0.2</TEMP>
		<DEWP>-1.6</DEWP>
		<STP>1008.0</STP>
		<SLP>1010.3</SLP>
		<VISIB>8.5</VISIB>
		<WDSP>23.8</WDSP>
		<PRCP>0.17</PRCP>
		<SNDP>0.3</SNDP>
		<FRSHTT>011000</FRSHTT>
		<CLDC>50.5</CLDC>
		<WNDDIR>101</WNDDIR>
	</MEASUREMENT> 
	<MEASUREMENT>
		<STN>76670</STN>
		<DATE>2019-01-30</DATE>
		<TIME>09:33:46</TIME>
		<TEMP>3.8</TEMP>
		<DEWP>-3.4</DEWP>
		<STP>1017.4</STP>
		<SLP>1018.0</SLP>
		<VISIB>13.6</VISIB>
		<WDSP>15.2</WDSP>
		<PRCP>0.03</PRCP>
		<SNDP>0.0</SNDP>
		<FRSHTT>010000</FRSHTT>
		<CLDC>57.1</CLDC>
		<WNDDIR>149</WNDDIR>
	</MEASUREMENT> 
	<MEASUREMENT>
		<STN>77530</STN>
		<DATE>2019-01-30</DATE>
		<TIME>09:33:46</TIME>
		<TEMP>7.8</TEMP>
		<DEWP>4.4</DEWP>
		<STP>1039.1</STP>
		<SLP>1015.3</SLP>
		<VISIB>24.7</VISIB>
		<WDSP>11.6</WDSP>
		<PRCP>0.04</PRCP>
		<SNDP>0.0</SNDP>
		<FRSHTT>010000</FRSHTT>
		<CLDC>93.1</CLDC>
		<WNDDIR>39</WNDDIR>
	</MEASUREMENT> 
	<MEASUREMENT>
		<STN>77910</STN>
		<DATE>2019-01-30</DATE>
		<TIME>09:33:46</TIME>
		<TEMP>4.0</TEMP>
		<DEWP>-1.2</DEWP>
		<STP>994.6</STP>
		<SLP>1021.2</SLP>
		<VISIB>16.1</VISIB>
		<WDSP>13.4</WDSP>
		<PRCP>0.00</PRCP>
		<SNDP>0.0</SNDP>
		<FRSHTT>000000</FRSHTT>
		<CLDC>0.1</CLDC>
		<WNDDIR>306</WNDDIR>
	</MEASUREMENT> 
	<MEASUREMENT>
		<STN>72000</STN>
		<DATE>2019-01-30</DATE>
		<TIME>09:33:46</TIME>
		<TEMP>4.8</TEMP>
		<DEWP>2.2</DEWP>
		<STP>1016.2</STP>
		<SLP>1017.7</SLP>
		<VISIB>15.6</VISIB>
		<WDSP>30.2</WDSP>
		<PRCP>0.07</PRCP>
		<SNDP>0.0</SNDP>
		<FRSHTT>010000</FRSHTT>
		<CLDC>50.0</CLDC>
		<WNDDIR>246</WNDDIR>
	</MEASUREMENT> 
	<MEASUREMENT>
		<STN>72010</STN>
		<DATE>2019-01-30</DATE>
		<TIME>09:33:46</TIME>
		<TEMP>3.1</TEMP>
		<DEWP>-0.7</DEWP>
		<STP>1012.6</STP>
		<SLP>1019.9</SLP>
		<VISIB>16.5</VISIB>
		<WDSP>17.2</WDSP>
		<PRCP>0.06</PRCP>
		<SNDP>0.0</SNDP>
		<FRSHTT>010000</FRSHTT>
		<CLDC>77.6</CLDC>
		<WNDDIR>346</WNDDIR>
	</MEASUREMENT> 
	<MEASUREMENT>
		<STN>71800</STN>
		<DATE>2019-01-30</DATE>
		<TIME>09:33:46</TIME>
		<TEMP>-1.4</TEMP>
		<DEWP>-3.4</DEWP>
		<STP>1009.3</STP>
		<SLP>1019.4</SLP>
		<VISIB>10.0</VISIB>
		<WDSP>12.4</WDSP>
		<PRCP>0.05</PRCP>
		<SNDP>0.1</SNDP>
		<FRSHTT>111000</FRSHTT>
		<CLDC>50.1</CLDC>
		<WNDDIR>92</WNDDIR>
	</MEASUREMENT> 
	<MEASUREMENT>
		<STN>70050</STN>
		<DATE>2019-01-30</DATE>
		<TIME>09:33:46</TIME>
		<TEMP>1.3</TEMP>
		<DEWP>-1.2</DEWP>
		<STP>1012.9</STP>
		<SLP>1017.0</SLP>
		<VISIB>9.6</VISIB>
		<WDSP>21.5</WDSP>
		<PRCP>0.05</PRCP>
		<SNDP>0.0</SNDP>
		<FRSHTT>010000</FRSHTT>
		<CLDC>50.6</CLDC>
		<WNDDIR>355</WNDDIR>
	</MEASUREMENT> 
	<MEASUREMENT>
		<STN>71210</STN>
		<DATE>2019-01-30</DATE>
		<TIME>09:33:46</TIME>
		<TEMP>4.2</TEMP>
		<DEWP>1.8</DEWP>
		<STP>1008.5</STP>
		<SLP>1012.8</SLP>
		<VISIB>15.6</VISIB>
		<WDSP>24.7</WDSP>
		<PRCP>0.14</PRCP>
		<SNDP>0.0</SNDP>
		<FRSHTT>010000</FRSHTT>
		<CLDC>50.8</CLDC>
		<WNDDIR>325</WNDDIR>
	</MEASUREMENT> 
	<MEASUREMENT>
		<STN>71490</STN>
		<DATE>2019-01-30</DATE>
		<TIME>09:33:46</TIME>
		<TEMP>0.3</TEMP>
		<DEWP>-2.1</DEWP>
		<STP>1012.8</STP>
		<SLP>1019.5</SLP>
		<VISIB>8.7</VISIB>
		<WDSP>14.0</WDSP>
		<PRCP>0.03</PRCP>
		<SNDP>0.0</SNDP>
		<FRSHTT>010000</FRSHTT>
		<CLDC>80.8</CLDC>
		<WNDDIR>320</WNDDIR>
	</MEASUREMENT> 
	<MEASUREMENT>
		<STN>71390</STN>
		<DATE>2019-01-30</DATE>
		<TIME>09:33:46</TIME>
		<TEMP>0.9</TEMP>
		<DEWP>-1.8</DEWP>
		<STP>1008.7</STP>
		<SLP>1015.2</SLP>
		<VISIB>10.7</VISIB>
		<WDSP>13.5</WDSP>
		<PRCP>0.07</PRCP>
		<SNDP>0.0</SNDP>
		<FRSHTT>010000</FRSHTT>
		<CLDC>88.2</CLDC>
		<WNDDIR>81</WNDDIR>
	</MEASUREMENT> 
	<MEASUREMENT>
		<STN>76840</STN>
		<DATE>2019-01-30</DATE>
		<TIME>09:33:46</TIME>
		<TEMP>5.4</TEMP>
		<DEWP>0.1</DEWP>
		<STP>1010.2</STP>
		<SLP>1015.6</SLP>
		<VISIB>14.5</VISIB>
		<WDSP>9.5</WDSP>
		<PRCP>0.15</PRCP>
		<SNDP>0.0</SNDP>
		<FRSHTT>010000</FRSHTT>
		<CLDC>50.6</CLDC>
		<WNDDIR>136</WNDDIR>
	</MEASUREMENT> 
	<MEASUREMENT>
		<STN>75490</STN>
		<DATE>2019-01-30</DATE>
		<TIME>09:33:46</TIME>
		<TEMP>1.3</TEMP>
		<DEWP>-5.4</DEWP>
		<STP>944.5</STP>
		<SLP>1020.6</SLP>
		<VISIB>23.9</VISIB>
		<WDSP>9.7</WDSP>
		<PRCP>0.00</PRCP>
		<SNDP>0.0</SNDP>
		<FRSHTT>000000</FRSHTT>
		<CLDC>54.6</CLDC>
		<WNDDIR>261</WNDDIR>
	</MEASUREMENT> 
	<MEASUREMENT>
		<STN>72300</STN>
		<DATE>2019-01-30</DATE>
		<TIME>09:33:46</TIME>
		<TEMP>1.8</TEMP>
		<DEWP>-1.2</DEWP>
		<STP>1014.4</STP>
		<SLP>1015.3</SLP>
		<VISIB>11.4</VISIB>
		<WDSP>13.3</WDSP>
		<PRCP>0.05</PRCP>
		<SNDP>0.0</SNDP>
		<FRSHTT>010000</FRSHTT>
		<CLDC>50.1</CLDC>
		<WNDDIR>151</WNDDIR>
	</MEASUREMENT> 
	<MEASUREMENT>
		<STN>76070</STN>
		<DATE>2019-01-30</DATE>
		<TIME>09:33:46</TIME>
		<TEMP>0.7</TEMP>
		<DEWP>-2.0</DEWP>
		<STP>1016.1</STP>
		<SLP>1019.5</SLP>
		<VISIB>10.5</VISIB>
		<WDSP>10.0</WDSP>
		<PRCP>0.12</PRCP>
		<SNDP>0.0</SNDP>
		<FRSHTT>010000</FRSHTT>
		<CLDC>73.0</CLDC>
		<WNDDIR>171</WNDDIR>
	</MEASUREMENT> 
	<MEASUREMENT>
		<STN>75520</STN>
		<DATE>2019-01-30</DATE>
		<TIME>09:33:46</TIME>
		<TEMP>-2.2</TEMP>
		<DEWP>-6.9</DEWP>
		<STP>951.5</STP>
		<SLP>1005.0</SLP>
		<VISIB>17.6</VISIB>
		<WDSP>11.4</WDSP>
		<PRCP>0.00</PRCP>
		<SNDP>0.0</SNDP>
		<FRSHTT>100000</FRSHTT>
		<CLDC>93.4</CLDC>
		<WNDDIR>211</WNDDIR>
	</MEASUREMENT> 
	<MEASUREMENT>
		<STN>73300</STN>
		<DATE>2019-01-30</DATE>
		<TIME>09:33:46</TIME>
		<TEMP>-1.7</TEMP>
		<DEWP>-4.3</DEWP>
		<STP>1016.2</STP>
		<SLP>1027.0</SLP>
		<VISIB>11.1</VISIB>
		<WDSP>11.7</WDSP>
		<PRCP>0.00</PRCP>
		<SNDP>0.0</SNDP>
		<FRSHTT>100000</FRSHTT>
		<CLDC>59.0</CLDC>
		<WNDDIR>272</WNDDIR>
	</MEASUREMENT> 

	<MEASUREMENT>
		<STN>75630</STN>
		<DATE>2019-01-30</DATE>
		<TIME>09:33:46</TIME>
		<TEMP>5.8</TEMP>
		<DEWP>-0.6</DEWP>
		<STP>1019.1</STP>
		<SLP>1025.0</SLP>
		<VISIB>20.1</VISIB>
		<WDSP>13.3</WDSP>
		<PRCP>0.00</PRCP>
		<SNDP>0.0</SNDP>
		<FRSHTT>000000</FRSHTT>
		<CLDC>57.4</CLDC>
		<WNDDIR>45</WNDDIR>
	</MEASUREMENT> 
	<MEASUREMENT>
		<STN>73860</STN>
		<DATE>2019-01-30</DATE>
		<TIME>09:33:46</TIME>
		<TEMP>-1.6</TEMP>
		<DEWP>-1.9</DEWP>
		<STP>1001.2</STP>
		<SLP>1025.9</SLP>
		<VISIB>5.6</VISIB>
		<WDSP>6.2</WDSP>
		<PRCP>0.00</PRCP>
		<SNDP>0.0</SNDP>
		<FRSHTT>100000</FRSHTT>
		<CLDC>71.2</CLDC>
		<WNDDIR>6</WNDDIR>
	</MEASUREMENT> 

	<MEASUREMENT>
		<STN>73740</STN>
		<DATE>2019-01-30</DATE>
		<TIME>09:33:46</TIME>
		<TEMP>-2.3</TEMP>
		<DEWP>-5.2</DEWP>
		<STP>1002.5</STP>
		<SLP>1014.3</SLP>
		<VISIB>8.9</VISIB>
		<WDSP>8.2</WDSP>
		<PRCP>0.01</PRCP>
		<SNDP>0.4</SNDP>
		<FRSHTT>111000</FRSHTT>
		<CLDC>50.2</CLDC>
		<WNDDIR>356</WNDDIR>
	</MEASUREMENT> 
	<MEASUREMENT>
		<STN>73790</STN>
		<DATE>2019-01-30</DATE>
		<TIME>09:33:46</TIME>
		<TEMP>-5.5</TEMP>
		<DEWP>-8.1</DEWP>
		<STP>992.7</STP>
		<SLP>1023.5</SLP>
		<VISIB>3.8</VISIB>
		<WDSP>2.3</WDSP>
		<PRCP>0.00</PRCP>
		<SNDP>0.8</SNDP>
		<FRSHTT>101000</FRSHTT>
		<CLDC>84.0</CLDC>
		<WNDDIR>300</WNDDIR>
	</MEASUREMENT> 
	<MEASUREMENT>
		<STN>71500</STN>
		<DATE>2019-01-30</DATE>
		<TIME>09:33:46</TIME>
		<TEMP>1.0</TEMP>
		<DEWP>-1.4</DEWP>
		<STP>1010.4</STP>
		<SLP>1014.8</SLP>
		<VISIB>8.8</VISIB>
		<WDSP>14.7</WDSP>
		<PRCP>0.04</PRCP>
		<SNDP>0.0</SNDP>
		<FRSHTT>010000</FRSHTT>
		<CLDC>50.3</CLDC>
		<WNDDIR>279</WNDDIR>
	</MEASUREMENT> 
	<MEASUREMENT>
		<STN>76900</STN>
		<DATE>2019-01-30</DATE>
		<TIME>09:33:46</TIME>
		<TEMP>4.9</TEMP>
		<DEWP>-2.8</DEWP>
		<STP>1018.3</STP>
		<SLP>1016.3</SLP>
		<VISIB>11.9</VISIB>
		<WDSP>15.0</WDSP>
		<PRCP>0.05</PRCP>
		<SNDP>0.0</SNDP>
		<FRSHTT>010000</FRSHTT>
		<CLDC>50.0</CLDC>
		<WNDDIR>163</WNDDIR>
	</MEASUREMENT> 
	<MEASUREMENT>
		<STN>76950</STN>
		<DATE>2019-01-30</DATE>
		<TIME>09:33:46</TIME>
		<TEMP>6.7</TEMP>
		<DEWP>1.2</DEWP>
		<STP>1011.6</STP>
		<SLP>1010.5</SLP>
		<VISIB>29.6</VISIB>
		<WDSP>18.9</WDSP>
		<PRCP>0.03</PRCP>
		<SNDP>0.0</SNDP>
		<FRSHTT>010000</FRSHTT>
		<CLDC>50.6</CLDC>
		<WNDDIR>202</WNDDIR>
	</MEASUREMENT>
</WEATHERDATA>