<?xml version="1.0"?>
<WEATHERDATA>
	<MEASUREMENT>
		<STN>74700</STN>
		<DATE>2019-01-29</DATE>
		<TIME>13:46:14</TIME>
		<TEMP>-0.5</TEMP>
		<DEWP>-2.6</DEWP>
		<STP>938.1</STP>
		<SLP>1025.9</SLP>
		<VISIB>16.8</VISIB>
		<WDSP>6.2</WDSP>
		<PRCP>0.06</PRCP>
		<SNDP>0.0</SNDP>
		<FRSHTT>110000</FRSHTT>
		<CLDC>85.8</CLDC>
		<WNDDIR>322</WNDDIR>
	</MEASUREMENT> 
	<MEASUREMENT>
		<STN>71810</STN>
		<DATE>2019-01-29</DATE>
		<TIME>13:46:14</TIME>
		<TEMP>-0.9</TEMP>
		<DEWP>-2.6</DEWP>
		<STP>984.3</STP>
		<SLP>1016.7</SLP>
		<VISIB>9.9</VISIB>
		<WDSP>7.2</WDSP>
		<PRCP>0.10</PRCP>
		<SNDP>1.3</SNDP>
		<FRSHTT>111000</FRSHTT>
		<CLDC>50.7</CLDC>
		<WNDDIR>96</WNDDIR>
	</MEASUREMENT> 
	<MEASUREMENT>
		<STN>76950</STN>
		<DATE>2019-01-29</DATE>
		<TIME>13:46:14</TIME>
		<TEMP>4.1</TEMP>
		<DEWP>0.6</DEWP>
		<STP>1010.7</STP>
		<SLP>1011.3</SLP>
		<VISIB>31.0</VISIB>
		<WDSP>23.0</WDSP>
		<PRCP>0.65</PRCP>
		<SNDP>0.0</SNDP>
		<FRSHTT>010000</FRSHTT>
		<CLDC>52.4</CLDC>
		<WNDDIR>314</WNDDIR>
	</MEASUREMENT> 
	<MEASUREMENT>
		<STN>76070</STN>
		<DATE>2019-01-29</DATE>
		<TIME>13:46:14</TIME>
		<TEMP>1.4</TEMP>
		<DEWP>-0.7</DEWP>
		<STP>1014.9</STP>
		<SLP>1018.4</SLP>
		<VISIB>12.0</VISIB>
		<WDSP>13.5</WDSP>
		<PRCP>0.24</PRCP>
		<SNDP>0.1</SNDP>
		<FRSHTT>011000</FRSHTT>
		<CLDC>78.5</CLDC>
		<WNDDIR>76</WNDDIR>
	</MEASUREMENT> 
	<MEASUREMENT>
		<STN>74910</STN>
		<DATE>2019-01-29</DATE>
		<TIME>13:46:14</TIME>
		<TEMP>-0.9</TEMP>
		<DEWP>-5.4</DEWP>
		<STP>999.0</STP>
		<SLP>1020.4</SLP>
		<VISIB>12.9</VISIB>
		<WDSP>12.9</WDSP>
		<PRCP>0.26</PRCP>
		<SNDP>0.1</SNDP>
		<FRSHTT>111000</FRSHTT>
		<CLDC>51.9</CLDC>
		<WNDDIR>137</WNDDIR>
	</MEASUREMENT> 
	<MEASUREMENT>
		<STN>77470</STN>
		<DATE>2019-01-29</DATE>
		<TIME>13:46:14</TIME>
		<TEMP>1.7</TEMP>
		<DEWP>-3.9</DEWP>
		<STP>1014.8</STP>
		<SLP>1017.9</SLP>
		<VISIB>14.3</VISIB>
		<WDSP>16.2</WDSP>
		<PRCP>0.09</PRCP>
		<SNDP>0.0</SNDP>
		<FRSHTT>010000</FRSHTT>
		<CLDC>51.0</CLDC>
		<WNDDIR>148</WNDDIR>
	</MEASUREMENT> 
	<MEASUREMENT>
		<STN>75350</STN>
		<DATE>2019-01-29</DATE>
		<TIME>13:46:14</TIME>
		<TEMP>1.0</TEMP>
		<DEWP>-2.0</DEWP>
		<STP>1014.9</STP>
		<SLP>1018.2</SLP>
		<VISIB>17.6</VISIB>
		<WDSP>14.3</WDSP>
		<PRCP>0.30</PRCP>
		<SNDP>0.0</SNDP>
		<FRSHTT>010000</FRSHTT>
		<CLDC>50.6</CLDC>
		<WNDDIR>65</WNDDIR>
	</MEASUREMENT> 
	<MEASUREMENT>
		<STN>72650</STN>
		<DATE>2019-01-29</DATE>
		<TIME>13:46:14</TIME>
		<TEMP>0.4</TEMP>
		<DEWP>-1.5</DEWP>
		<STP>1014.5</STP>
		<SLP>1016.6</SLP>
		<VISIB>7.5</VISIB>
		<WDSP>4.1</WDSP>
		<PRCP>0.13</PRCP>
		<SNDP>0.2</SNDP>
		<FRSHTT>011000</FRSHTT>
		<CLDC>52.2</CLDC>
		<WNDDIR>5</WNDDIR>
	</MEASUREMENT> 
	<MEASUREMENT>
		<STN>72700</STN>
		<DATE>2019-01-29</DATE>
		<TIME>13:46:14</TIME>
		<TEMP>-0.7</TEMP>
		<DEWP>-2.3</DEWP>
		<STP>1003.8</STP>
		<SLP>997.1</SLP>
		<VISIB>3.7</VISIB>
		<WDSP>20.5</WDSP>
		<PRCP>0.63</PRCP>
		<SNDP>3.5</SNDP>
		<FRSHTT>111000</FRSHTT>
		<CLDC>52.0</CLDC>
		<WNDDIR>317</WNDDIR>
	</MEASUREMENT> 
	<MEASUREMENT>
		<STN>76300</STN>
		<DATE>2019-01-29</DATE>
		<TIME>13:46:14</TIME>
		<TEMP>0.9</TEMP>
		<DEWP>-2.0</DEWP>
		<STP>1006.8</STP>
		<SLP>1018.2</SLP>
		<VISIB>11.2</VISIB>
		<WDSP>18.9</WDSP>
		<PRCP>0.17</PRCP>
		<SNDP>0.0</SNDP>
		<FRSHTT>010000</FRSHTT>
		<CLDC>99.2</CLDC>
		<WNDDIR>200</WNDDIR>
	</MEASUREMENT> 
	<MEASUREMENT>
		<STN>76310</STN>
		<DATE>2019-01-29</DATE>
		<TIME>13:46:14</TIME>
		<TEMP>0.3</TEMP>
		<DEWP>-1.7</DEWP>
		<STP>1009.7</STP>
		<SLP>1029.5</SLP>
		<VISIB>3.4</VISIB>
		<WDSP>8.4</WDSP>
		<PRCP>0.00</PRCP>
		<SNDP>0.0</SNDP>
		<FRSHTT>000000</FRSHTT>
		<CLDC>3.5</CLDC>
		<WNDDIR>182</WNDDIR>
	</MEASUREMENT> 
	<MEASUREMENT>
		<STN>70050</STN>
		<DATE>2019-01-29</DATE>
		<TIME>13:46:14</TIME>
		<TEMP>0.6</TEMP>
		<DEWP>-1.3</DEWP>
		<STP>1015.9</STP>
		<SLP>1016.3</SLP>
		<VISIB>8.6</VISIB>
		<WDSP>21.2</WDSP>
		<PRCP>0.10</PRCP>
		<SNDP>0.1</SNDP>
		<FRSHTT>011000</FRSHTT>
		<CLDC>50.4</CLDC>
		<WNDDIR>99</WNDDIR>
	</MEASUREMENT> 
	<MEASUREMENT>
		<STN>76270</STN>
		<DATE>2019-01-29</DATE>
		<TIME>13:46:14</TIME>
		<TEMP>-0.1</TEMP>
		<DEWP>-5.0</DEWP>
		<STP>998.4</STP>
		<SLP>1020.8</SLP>
		<VISIB>11.9</VISIB>
		<WDSP>14.8</WDSP>
		<PRCP>0.28</PRCP>
		<SNDP>4.1</SNDP>
		<FRSHTT>111000</FRSHTT>
		<CLDC>50.5</CLDC>
		<WNDDIR>206</WNDDIR>
	</MEASUREMENT> 

	<MEASUREMENT>
		<STN>73740</STN>
		<DATE>2019-01-29</DATE>
		<TIME>13:46:14</TIME>
		<TEMP>-1.0</TEMP>
		<DEWP>-3.7</DEWP>
		<STP>1000.5</STP>
		<SLP>1016.1</SLP>
		<VISIB>11.5</VISIB>
		<WDSP>16.5</WDSP>
		<PRCP>0.03</PRCP>
		<SNDP>0.6</SNDP>
		<FRSHTT>111000</FRSHTT>
		<CLDC>71.8</CLDC>
		<WNDDIR>273</WNDDIR>
	</MEASUREMENT> 
	<MEASUREMENT>
		<STN>73790</STN>
		<DATE>2019-01-29</DATE>
		<TIME>13:46:14</TIME>
		<TEMP>-0.5</TEMP>
		<DEWP>-5.2</DEWP>
		<STP>991.2</STP>
		<SLP>1022.6</SLP>
		<VISIB>9.9</VISIB>
		<WDSP>4.3</WDSP>
		<PRCP>0.03</PRCP>
		<SNDP>0.0</SNDP>
		<FRSHTT>110000</FRSHTT>
		<CLDC>50.1</CLDC>
		<WNDDIR>348</WNDDIR>
	</MEASUREMENT> 
	<MEASUREMENT>
		<STN>77850</STN>
		<DATE>2019-01-29</DATE>
		<TIME>13:46:14</TIME>
		<TEMP>1.3</TEMP>
		<DEWP>-5.2</DEWP>
		<STP>1027.0</STP>
		<SLP>1020.7</SLP>
		<VISIB>17.1</VISIB>
		<WDSP>17.3</WDSP>
		<PRCP>0.00</PRCP>
		<SNDP>0.0</SNDP>
		<FRSHTT>000000</FRSHTT>
		<CLDC>46.7</CLDC>
		<WNDDIR>81</WNDDIR>
	</MEASUREMENT> 
	<MEASUREMENT>
		<STN>72950</STN>
		<DATE>2019-01-29</DATE>
		<TIME>13:46:14</TIME>
		<TEMP>0.5</TEMP>
		<DEWP>-2.0</DEWP>
		<STP>1006.8</STP>
		<SLP>1025.4</SLP>
		<VISIB>1.5</VISIB>
		<WDSP>6.7</WDSP>
		<PRCP>0.17</PRCP>
		<SNDP>0.0</SNDP>
		<FRSHTT>010000</FRSHTT>
		<CLDC>87.0</CLDC>
		<WNDDIR>20</WNDDIR>
	</MEASUREMENT> 
	<MEASUREMENT>
		<STN>75880</STN>
		<DATE>2019-01-29</DATE>
		<TIME>13:46:14</TIME>
		<TEMP>-2.2</TEMP>
		<DEWP>-10.3</DEWP>
		<STP>965.7</STP>
		<SLP>1021.8</SLP>
		<VISIB>60.6</VISIB>
		<WDSP>1.7</WDSP>
		<PRCP>0.00</PRCP>
		<SNDP>0.0</SNDP>
		<FRSHTT>100000</FRSHTT>
		<CLDC>78.5</CLDC>
		<WNDDIR>355</WNDDIR>
	</MEASUREMENT> 
	<MEASUREMENT>
		<STN>70930</STN>
		<DATE>2019-01-29</DATE>
		<TIME>13:46:14</TIME>
		<TEMP>-1.1</TEMP>
		<DEWP>-2.9</DEWP>
		<STP>997.6</STP>
		<SLP>1018.1</SLP>
		<VISIB>7.4</VISIB>
		<WDSP>19.4</WDSP>
		<PRCP>0.00</PRCP>
		<SNDP>0.0</SNDP>
		<FRSHTT>100000</FRSHTT>
		<CLDC>66.8</CLDC>
		<WNDDIR>202</WNDDIR>
	</MEASUREMENT> 
	<MEASUREMENT>
		<STN>76840</STN>
		<DATE>2019-01-29</DATE>
		<TIME>13:46:14</TIME>
		<TEMP>2.1</TEMP>
		<DEWP>-3.7</DEWP>
		<STP>1013.8</STP>
		<SLP>1021.2</SLP>
		<VISIB>12.6</VISIB>
		<WDSP>14.8</WDSP>
		<PRCP>0.30</PRCP>
		<SNDP>0.0</SNDP>
		<FRSHTT>010000</FRSHTT>
		<CLDC>63.3</CLDC>
		<WNDDIR>133</WNDDIR>
	</MEASUREMENT> 
	<MEASUREMENT>
		<STN>72600</STN>
		<DATE>2019-01-29</DATE>
		<TIME>13:46:14</TIME>
		<TEMP>0.0</TEMP>
		<DEWP>-1.8</DEWP>
		<STP>1003.2</STP>
		<SLP>1025.1</SLP>
		<VISIB>10.1</VISIB>
		<WDSP>4.9</WDSP>
		<PRCP>0.00</PRCP>
		<SNDP>0.0</SNDP>
		<FRSHTT>100000</FRSHTT>
		<CLDC>20.6</CLDC>
		<WNDDIR>12</WNDDIR>
	</MEASUREMENT> 
	<MEASUREMENT>
		<STN>72570</STN>
		<DATE>2019-01-29</DATE>
		<TIME>13:46:14</TIME>
		<TEMP>0.3</TEMP>
		<DEWP>-2.3</DEWP>
		<STP>1005.8</STP>
		<SLP>1014.5</SLP>
		<VISIB>6.0</VISIB>
		<WDSP>21.0</WDSP>
		<PRCP>0.20</PRCP>
		<SNDP>1.1</SNDP>
		<FRSHTT>011000</FRSHTT>
		<CLDC>70.1</CLDC>
		<WNDDIR>142</WNDDIR>
	</MEASUREMENT> 
	<MEASUREMENT>
		<STN>72550</STN>
		<DATE>2019-01-29</DATE>
		<TIME>13:46:14</TIME>
		<TEMP>0.2</TEMP>
		<DEWP>-1.9</DEWP>
		<STP>1006.9</STP>
		<SLP>1017.1</SLP>
		<VISIB>11.3</VISIB>
		<WDSP>17.8</WDSP>
		<PRCP>0.10</PRCP>
		<SNDP>0.0</SNDP>
		<FRSHTT>010000</FRSHTT>
		<CLDC>82.3</CLDC>
		<WNDDIR>252</WNDDIR>
	</MEASUREMENT> 
	<MEASUREMENT>
		<STN>72553</STN>
		<DATE>2019-01-29</DATE>
		<TIME>13:46:14</TIME>
		<TEMP>-1.4</TEMP>
		<DEWP>-1.7</DEWP>
		<STP>988.9</STP>
		<SLP>993.6</SLP>
		<VISIB>8.5</VISIB>
		<WDSP>6.8</WDSP>
		<PRCP>0.00</PRCP>
		<SNDP>0.0</SNDP>
		<FRSHTT>100000</FRSHTT>
		<CLDC>33.8</CLDC>
		<WNDDIR>63</WNDDIR>
	</MEASUREMENT> 
	<MEASUREMENT>
		<STN>72554</STN>
		<DATE>2019-01-29</DATE>
		<TIME>13:46:14</TIME>
		<TEMP>0.0</TEMP>
		<DEWP>-3.9</DEWP>
		<STP>1016.7</STP>
		<SLP>1043.4</SLP>
		<VISIB>8.1</VISIB>
		<WDSP>8.7</WDSP>
		<PRCP>0.00</PRCP>
		<SNDP>0.0</SNDP>
		<FRSHTT>000000</FRSHTT>
		<CLDC>46.7</CLDC>
		<WNDDIR>75</WNDDIR>
	</MEASUREMENT> 
	<MEASUREMENT>
		<STN>77910</STN>
		<DATE>2019-01-29</DATE>
		<TIME>13:46:14</TIME>
		<TEMP>2.0</TEMP>
		<DEWP>-3.2</DEWP>
		<STP>1022.4</STP>
		<SLP>1020.0</SLP>
		<VISIB>14.8</VISIB>
		<WDSP>16.4</WDSP>
		<PRCP>0.00</PRCP>
		<SNDP>0.0</SNDP>
		<FRSHTT>000000</FRSHTT>
		<CLDC>72.0</CLDC>
		<WNDDIR>36</WNDDIR>
	</MEASUREMENT> 
	<MEASUREMENT>
		<STN>71330</STN>
		<DATE>2019-01-29</DATE>
		<TIME>13:46:14</TIME>
		<TEMP>1.6</TEMP>
		<DEWP>-1.1</DEWP>
		<STP>1004.6</STP>
		<SLP>998.4</SLP>
		<VISIB>38.1</VISIB>
		<WDSP>68.1</WDSP>
		<PRCP>0.02</PRCP>
		<SNDP>0.0</SNDP>
		<FRSHTT>010000</FRSHTT>
		<CLDC>52.3</CLDC>
		<WNDDIR>40</WNDDIR>
	</MEASUREMENT> 
	<MEASUREMENT>
		<STN>70170</STN>
		<DATE>2019-01-29</DATE>
		<TIME>13:46:14</TIME>
		<TEMP>0.0</TEMP>
		<DEWP>-2.1</DEWP>
		<STP>1006.6</STP>
		<SLP>1013.7</SLP>
		<VISIB>9.7</VISIB>
		<WDSP>21.2</WDSP>
		<PRCP>0.10</PRCP>
		<SNDP>0.2</SNDP>
		<FRSHTT>011000</FRSHTT>
		<CLDC>51.3</CLDC>
		<WNDDIR>215</WNDDIR>
	</MEASUREMENT> 
	<MEASUREMENT>
		<STN>70150</STN>
		<DATE>2019-01-29</DATE>
		<TIME>13:46:14</TIME>
		<TEMP>0.8</TEMP>
		<DEWP>-1.3</DEWP>
		<STP>1018.5</STP>
		<SLP>1016.8</SLP>
		<VISIB>13.1</VISIB>
		<WDSP>17.2</WDSP>
		<PRCP>0.09</PRCP>
		<SNDP>0.1</SNDP>
		<FRSHTT>011000</FRSHTT>
		<CLDC>94.9</CLDC>
		<WNDDIR>261</WNDDIR>
	</MEASUREMENT> 
	<MEASUREMENT>
		<STN>70550</STN>
		<DATE>2019-01-29</DATE>
		<TIME>13:46:14</TIME>
		<TEMP>0.3</TEMP>
		<DEWP>-2.3</DEWP>
		<STP>1009.7</STP>
		<SLP>1021.0</SLP>
		<VISIB>12.5</VISIB>
		<WDSP>19.0</WDSP>
		<PRCP>0.06</PRCP>
		<SNDP>0.1</SNDP>
		<FRSHTT>011000</FRSHTT>
		<CLDC>51.1</CLDC>
		<WNDDIR>18</WNDDIR>
	</MEASUREMENT> 
	<MEASUREMENT>
		<STN>77490</STN>
		<DATE>2019-01-29</DATE>
		<TIME>13:46:14</TIME>
		<TEMP>3.4</TEMP>
		<DEWP>-1.3</DEWP>
		<STP>1005.5</STP>
		<SLP>1015.1</SLP>
		<VISIB>11.5</VISIB>
		<WDSP>29.1</WDSP>
		<PRCP>0.03</PRCP>
		<SNDP>0.0</SNDP>
		<FRSHTT>010000</FRSHTT>
		<CLDC>80.9</CLDC>
		<WNDDIR>170</WNDDIR>
	</MEASUREMENT> 
	<MEASUREMENT>
		<STN>71900</STN>
		<DATE>2019-01-29</DATE>
		<TIME>13:46:14</TIME>
		<TEMP>-0.4</TEMP>
		<DEWP>-2.5</DEWP>
		<STP>1009.6</STP>
		<SLP>1021.6</SLP>
		<VISIB>8.2</VISIB>
		<WDSP>15.3</WDSP>
		<PRCP>0.08</PRCP>
		<SNDP>0.2</SNDP>
		<FRSHTT>111000</FRSHTT>
		<CLDC>51.3</CLDC>
		<WNDDIR>76</WNDDIR>
	</MEASUREMENT> 
	<MEASUREMENT>
		<STN>76520</STN>
		<DATE>2019-01-29</DATE>
		<TIME>13:46:14</TIME>
		<TEMP>3.1</TEMP>
		<DEWP>0.0</DEWP>
		<STP>1010.2</STP>
		<SLP>1013.2</SLP>
		<VISIB>13.7</VISIB>
		<WDSP>14.3</WDSP>
		<PRCP>0.04</PRCP>
		<SNDP>0.0</SNDP>
		<FRSHTT>010000</FRSHTT>
		<CLDC>50.3</CLDC>
		<WNDDIR>87</WNDDIR>
	</MEASUREMENT> 
	<MEASUREMENT>
		<STN>76670</STN>
		<DATE>2019-01-29</DATE>
		<TIME>13:46:14</TIME>
		<TEMP>3.8</TEMP>
		<DEWP>-2.1</DEWP>
		<STP>1015.6</STP>
		<SLP>1015.2</SLP>
		<VISIB>11.6</VISIB>
		<WDSP>14.1</WDSP>
		<PRCP>0.30</PRCP>
		<SNDP>0.0</SNDP>
		<FRSHTT>010000</FRSHTT>
		<CLDC>50.4</CLDC>
		<WNDDIR>54</WNDDIR>
	</MEASUREMENT> 
	<MEASUREMENT>
		<STN>71090</STN>
		<DATE>2019-01-29</DATE>
		<TIME>13:46:14</TIME>
		<TEMP>3.6</TEMP>
		<DEWP>0.5</DEWP>
		<STP>1021.5</STP>
		<SLP>1030.9</SLP>
		<VISIB>8.9</VISIB>
		<WDSP>14.5</WDSP>
		<PRCP>0.00</PRCP>
		<SNDP>0.0</SNDP>
		<FRSHTT>000000</FRSHTT>
		<CLDC>63.3</CLDC>
		<WNDDIR>94</WNDDIR>
	</MEASUREMENT> 
	<MEASUREMENT>
		<STN>74810</STN>
		<DATE>2019-01-29</DATE>
		<TIME>13:46:14</TIME>
		<TEMP>-0.3</TEMP>
		<DEWP>-3.1</DEWP>
		<STP>1006.6</STP>
		<SLP>1020.6</SLP>
		<VISIB>9.3</VISIB>
		<WDSP>9.3</WDSP>
		<PRCP>0.15</PRCP>
		<SNDP>0.3</SNDP>
		<FRSHTT>111000</FRSHTT>
		<CLDC>92.0</CLDC>
		<WNDDIR>154</WNDDIR>
	</MEASUREMENT> 
	<MEASUREMENT>
		<STN>74800</STN>
		<DATE>2019-01-29</DATE>
		<TIME>13:46:14</TIME>
		<TEMP>-0.1</TEMP>
		<DEWP>-2.7</DEWP>
		<STP>1007.6</STP>
		<SLP>1014.8</SLP>
		<VISIB>10.5</VISIB>
		<WDSP>10.2</WDSP>
		<PRCP>0.15</PRCP>
		<SNDP>0.3</SNDP>
		<FRSHTT>111000</FRSHTT>
		<CLDC>51.9</CLDC>
		<WNDDIR>3</WNDDIR>
	</MEASUREMENT> 

	<MEASUREMENT>
		<STN>75910</STN>
		<DATE>2019-01-29</DATE>
		<TIME>13:46:14</TIME>
		<TEMP>-2.1</TEMP>
		<DEWP>-7.5</DEWP>
		<STP>926.8</STP>
		<SLP>918.6</SLP>
		<VISIB>18.2</VISIB>
		<WDSP>11.7</WDSP>
		<PRCP>0.16</PRCP>
		<SNDP>4.0</SNDP>
		<FRSHTT>111000</FRSHTT>
		<CLDC>51.2</CLDC>
		<WNDDIR>160</WNDDIR>
	</MEASUREMENT> 

	<MEASUREMENT>
		<STN>71000</STN>
		<DATE>2019-01-29</DATE>
		<TIME>13:46:14</TIME>
		<TEMP>4.1</TEMP>
		<DEWP>1.5</DEWP>
		<STP>1008.5</STP>
		<SLP>1012.0</SLP>
		<VISIB>15.1</VISIB>
		<WDSP>49.1</WDSP>
		<PRCP>0.22</PRCP>
		<SNDP>0.0</SNDP>
		<FRSHTT>010000</FRSHTT>
		<CLDC>95.7</CLDC>
		<WNDDIR>179</WNDDIR>
	</MEASUREMENT> 
	<MEASUREMENT>
		<STN>77650</STN>
		<DATE>2019-01-29</DATE>
		<TIME>13:46:14</TIME>
		<TEMP>2.6</TEMP>
		<DEWP>-1.7</DEWP>
		<STP>1052.0</STP>
		<SLP>1022.4</SLP>
		<VISIB>13.6</VISIB>
		<WDSP>10.7</WDSP>
		<PRCP>0.00</PRCP>
		<SNDP>0.0</SNDP>
		<FRSHTT>000000</FRSHTT>
		<CLDC>71.7</CLDC>
		<WNDDIR>206</WNDDIR>
	</MEASUREMENT> 
	<MEASUREMENT>
		<STN>70270</STN>
		<DATE>2019-01-29</DATE>
		<TIME>13:46:14</TIME>
		<TEMP>1.6</TEMP>
		<DEWP>-0.6</DEWP>
		<STP>1012.8</STP>
		<SLP>1017.1</SLP>
		<VISIB>11.0</VISIB>
		<WDSP>18.8</WDSP>
		<PRCP>0.11</PRCP>
		<SNDP>0.1</SNDP>
		<FRSHTT>011000</FRSHTT>
		<CLDC>80.8</CLDC>
		<WNDDIR>322</WNDDIR>
	</MEASUREMENT> 
	<MEASUREMENT>
		<STN>70240</STN>
		<DATE>2019-01-29</DATE>
		<TIME>13:46:14</TIME>
		<TEMP>1.0</TEMP>
		<DEWP>-1.7</DEWP>
		<STP>1008.0</STP>
		<SLP>1010.1</SLP>
		<VISIB>10.3</VISIB>
		<WDSP>8.1</WDSP>
		<PRCP>0.20</PRCP>
		<SNDP>0.0</SNDP>
		<FRSHTT>010000</FRSHTT>
		<CLDC>51.9</CLDC>
		<WNDDIR>114</WNDDIR>
	</MEASUREMENT> 
	<MEASUREMENT>
		<STN>72050</STN>
		<DATE>2019-01-29</DATE>
		<TIME>13:46:14</TIME>
		<TEMP>1.3</TEMP>
		<DEWP>-1.1</DEWP>
		<STP>1015.2</STP>
		<SLP>1016.6</SLP>
		<VISIB>9.9</VISIB>
		<WDSP>15.0</WDSP>
		<PRCP>0.14</PRCP>
		<SNDP>0.1</SNDP>
		<FRSHTT>011000</FRSHTT>
		<CLDC>65.2</CLDC>
		<WNDDIR>134</WNDDIR>
	</MEASUREMENT> 
	<MEASUREMENT>
		<STN>73000</STN>
		<DATE>2019-01-29</DATE>
		<TIME>13:46:14</TIME>
		<TEMP>2.1</TEMP>
		<DEWP>-0.3</DEWP>
		<STP>1011.6</STP>
		<SLP>1015.3</SLP>
		<VISIB>17.7</VISIB>
		<WDSP>25.9</WDSP>
		<PRCP>0.64</PRCP>
		<SNDP>0.0</SNDP>
		<FRSHTT>010000</FRSHTT>
		<CLDC>50.5</CLDC>
		<WNDDIR>48</WNDDIR>
	</MEASUREMENT> 
	<MEASUREMENT>
		<STN>74940</STN>
		<DATE>2019-01-29</DATE>
		<TIME>13:46:14</TIME>
		<TEMP>-1.7</TEMP>
		<DEWP>-7.5</DEWP>
		<STP>976.0</STP>
		<SLP>986.8</SLP>
		<VISIB>10.6</VISIB>
		<WDSP>4.9</WDSP>
		<PRCP>0.00</PRCP>
		<SNDP>0.0</SNDP>
		<FRSHTT>100000</FRSHTT>
		<CLDC>4.8</CLDC>
		<WNDDIR>7</WNDDIR>
	</MEASUREMENT> 

	<MEASUREMENT>
		<STN>71190</STN>
		<DATE>2019-01-29</DATE>
		<TIME>13:46:14</TIME>
		<TEMP>1.1</TEMP>
		<DEWP>-0.6</DEWP>
		<STP>1011.9</STP>
		<SLP>1014.0</SLP>
		<VISIB>9.0</VISIB>
		<WDSP>25.3</WDSP>
		<PRCP>0.17</PRCP>
		<SNDP>0.0</SNDP>
		<FRSHTT>010000</FRSHTT>
		<CLDC>52.4</CLDC>
		<WNDDIR>72</WNDDIR>
	</MEASUREMENT> 
	<MEASUREMENT>
		<STN>71180</STN>
		<DATE>2019-01-29</DATE>
		<TIME>13:46:14</TIME>
		<TEMP>2.1</TEMP>
		<DEWP>-1.0</DEWP>
		<STP>999.9</STP>
		<SLP>1010.9</SLP>
		<VISIB>17.2</VISIB>
		<WDSP>12.1</WDSP>
		<PRCP>0.00</PRCP>
		<SNDP>0.0</SNDP>
		<FRSHTT>000000</FRSHTT>
		<CLDC>72.6</CLDC>
		<WNDDIR>227</WNDDIR>
	</MEASUREMENT> 
	<MEASUREMENT>
		<STN>71170</STN>
		<DATE>2019-01-29</DATE>
		<TIME>13:46:14</TIME>
		<TEMP>2.2</TEMP>
		<DEWP>-1.0</DEWP>
		<STP>1016.9</STP>
		<SLP>1023.0</SLP>
		<VISIB>18.6</VISIB>
		<WDSP>24.8</WDSP>
		<PRCP>0.35</PRCP>
		<SNDP>0.0</SNDP>
		<FRSHTT>010000</FRSHTT>
		<CLDC>50.9</CLDC>
		<WNDDIR>40</WNDDIR>
	</MEASUREMENT> 
	<MEASUREMENT>
		<STN>74710</STN>
		<DATE>2019-01-29</DATE>
		<TIME>13:46:14</TIME>
		<TEMP>-3.5</TEMP>
		<DEWP>-4.9</DEWP>
		<STP>934.7</STP>
		<SLP>936.6</SLP>
		<VISIB>13.6</VISIB>
		<WDSP>11.2</WDSP>
		<PRCP>0.25</PRCP>
		<SNDP>3.0</SNDP>
		<FRSHTT>111000</FRSHTT>
		<CLDC>77.3</CLDC>
		<WNDDIR>92</WNDDIR>
	</MEASUREMENT> 
	<MEASUREMENT>
		<STN>76220</STN>
		<DATE>2019-01-29</DATE>
		<TIME>13:46:14</TIME>
		<TEMP>-1.0</TEMP>
		<DEWP>-2.0</DEWP>
		<STP>1005.2</STP>
		<SLP>1019.1</SLP>
		<VISIB>3.4</VISIB>
		<WDSP>3.8</WDSP>
		<PRCP>0.13</PRCP>
		<SNDP>1.1</SNDP>
		<FRSHTT>111000</FRSHTT>
		<CLDC>50.1</CLDC>
		<WNDDIR>149</WNDDIR>
	</MEASUREMENT> 
	<MEASUREMENT>
		<STN>76210</STN>
		<DATE>2019-01-29</DATE>
		<TIME>13:46:14</TIME>
		<TEMP>0.1</TEMP>
		<DEWP>-2.6</DEWP>
		<STP>996.6</STP>
		<SLP>1018.5</SLP>
		<VISIB>14.8</VISIB>
		<WDSP>9.9</WDSP>
		<PRCP>0.26</PRCP>
		<SNDP>0.1</SNDP>
		<FRSHTT>011000</FRSHTT>
		<CLDC>52.7</CLDC>
		<WNDDIR>222</WNDDIR>
	</MEASUREMENT> 
	<MEASUREMENT>
		<STN>71790</STN>
		<DATE>2019-01-29</DATE>
		<TIME>13:46:14</TIME>
		<TEMP>0.3</TEMP>
		<DEWP>-1.3</DEWP>
		<STP>1031.7</STP>
		<SLP>1019.0</SLP>
		<VISIB>15.7</VISIB>
		<WDSP>9.9</WDSP>
		<PRCP>0.03</PRCP>
		<SNDP>0.0</SNDP>
		<FRSHTT>010000</FRSHTT>
		<CLDC>53.4</CLDC>
		<WNDDIR>155</WNDDIR>
	</MEASUREMENT> 
	<MEASUREMENT>
		<STN>74600</STN>
		<DATE>2019-01-29</DATE>
		<TIME>13:46:14</TIME>
		<TEMP>-0.5</TEMP>
		<DEWP>-4.2</DEWP>
		<STP>999.8</STP>
		<SLP>1018.6</SLP>
		<VISIB>12.0</VISIB>
		<WDSP>12.3</WDSP>
		<PRCP>0.13</PRCP>
		<SNDP>0.3</SNDP>
		<FRSHTT>111000</FRSHTT>
		<CLDC>53.6</CLDC>
		<WNDDIR>119</WNDDIR>
	</MEASUREMENT> 
	<MEASUREMENT>
		<STN>72220</STN>
		<DATE>2019-01-29</DATE>
		<TIME>13:46:14</TIME>
		<TEMP>2.0</TEMP>
		<DEWP>0.0</DEWP>
		<STP>1017.1</STP>
		<SLP>1017.7</SLP>
		<VISIB>9.1</VISIB>
		<WDSP>11.7</WDSP>
		<PRCP>0.19</PRCP>
		<SNDP>0.1</SNDP>
		<FRSHTT>011000</FRSHTT>
		<CLDC>50.6</CLDC>
		<WNDDIR>327</WNDDIR>
	</MEASUREMENT> 
	<MEASUREMENT>
		<STN>76610</STN>
		<DATE>2019-01-29</DATE>
		<TIME>13:46:14</TIME>
		<TEMP>5.0</TEMP>
		<DEWP>1.1</DEWP>
		<STP>1011.7</STP>
		<SLP>1015.2</SLP>
		<VISIB>17.3</VISIB>
		<WDSP>26.6</WDSP>
		<PRCP>0.35</PRCP>
		<SNDP>0.0</SNDP>
		<FRSHTT>010000</FRSHTT>
		<CLDC>51.1</CLDC>
		<WNDDIR>151</WNDDIR>
	</MEASUREMENT> 
	<MEASUREMENT>
		<STN>76600</STN>
		<DATE>2019-01-29</DATE>
		<TIME>13:46:14</TIME>
		<TEMP>2.0</TEMP>
		<DEWP>-2.7</DEWP>
		<STP>1006.4</STP>
		<SLP>1012.6</SLP>
		<VISIB>13.4</VISIB>
		<WDSP>22.3</WDSP>
		<PRCP>0.23</PRCP>
		<SNDP>0.0</SNDP>
		<FRSHTT>010000</FRSHTT>
		<CLDC>62.5</CLDC>
		<WNDDIR>95</WNDDIR>
	</MEASUREMENT> 
	<MEASUREMENT>
		<STN>70290</STN>
		<DATE>2019-01-29</DATE>
		<TIME>13:46:14</TIME>
		<TEMP>2.9</TEMP>
		<DEWP>1.4</DEWP>
		<STP>950.4</STP>
		<SLP>981.2</SLP>
		<VISIB>9.3</VISIB>
		<WDSP>33.9</WDSP>
		<PRCP>0.92</PRCP>
		<SNDP>0.0</SNDP>
		<FRSHTT>010000</FRSHTT>
		<CLDC>60.9</CLDC>
		<WNDDIR>301</WNDDIR>
	</MEASUREMENT> 
	<MEASUREMENT>
		<STN>75490</STN>
		<DATE>2019-01-29</DATE>
		<TIME>13:46:15</TIME>
		<TEMP>-0.3</TEMP>
		<DEWP>-5.5</DEWP>
		<STP>941.3</STP>
		<SLP>1015.6</SLP>
		<VISIB>22.4</VISIB>
		<WDSP>29.2</WDSP>
		<PRCP>0.90</PRCP>
		<SNDP>2.4</SNDP>
		<FRSHTT>111000</FRSHTT>
		<CLDC>52.8</CLDC>
		<WNDDIR>301</WNDDIR>
	</MEASUREMENT> 
	<MEASUREMENT>
		<STN>74940</STN>
		<DATE>2019-01-29</DATE>
		<TIME>13:46:15</TIME>
		<TEMP>-1.7</TEMP>
		<DEWP>-7.5</DEWP>
		<STP>976.1</STP>
		<SLP>986.9</SLP>
		<VISIB>10.6</VISIB>
		<WDSP>4.9</WDSP>
		<PRCP>0.00</PRCP>
		<SNDP>0.0</SNDP>
		<FRSHTT>100000</FRSHTT>
		<CLDC>4.8</CLDC>
		<WNDDIR>8</WNDDIR>
	</MEASUREMENT> 
	<MEASUREMENT>
		<STN>76500</STN>
		<DATE>2019-01-29</DATE>
		<TIME>13:46:15</TIME>
		<TEMP>2.0</TEMP>
		<DEWP>-2.3</DEWP>
		<STP>1016.7</STP>
		<SLP>1016.5</SLP>
		<VISIB>13.6</VISIB>
		<WDSP>13.6</WDSP>
		<PRCP>0.20</PRCP>
		<SNDP>0.0</SNDP>
		<FRSHTT>010000</FRSHTT>
		<CLDC>50.0</CLDC>
		<WNDDIR>167</WNDDIR>
	</MEASUREMENT> 
	<MEASUREMENT>
		<STN>76460</STN>
		<DATE>2019-01-29</DATE>
		<TIME>13:46:15</TIME>
		<TEMP>1.6</TEMP>
		<DEWP>-4.3</DEWP>
		<STP>1010.0</STP>
		<SLP>1016.3</SLP>
		<VISIB>18.2</VISIB>
		<WDSP>28.2</WDSP>
		<PRCP>0.14</PRCP>
		<SNDP>0.0</SNDP>
		<FRSHTT>010000</FRSHTT>
		<CLDC>50.5</CLDC>
		<WNDDIR>302</WNDDIR>
	</MEASUREMENT> 

	<MEASUREMENT>
		<STN>73740</STN>
		<DATE>2019-01-29</DATE>
		<TIME>13:46:15</TIME>
		<TEMP>-1.0</TEMP>
		<DEWP>-3.7</DEWP>
		<STP>1000.6</STP>
		<SLP>1016.1</SLP>
		<VISIB>11.5</VISIB>
		<WDSP>16.5</WDSP>
		<PRCP>0.03</PRCP>
		<SNDP>0.6</SNDP>
		<FRSHTT>111000</FRSHTT>
		<CLDC>71.8</CLDC>
		<WNDDIR>273</WNDDIR>
	</MEASUREMENT> 
	<MEASUREMENT>
		<STN>73790</STN>
		<DATE>2019-01-29</DATE>
		<TIME>13:46:15</TIME>
		<TEMP>-0.7</TEMP>
		<DEWP>-5.2</DEWP>
		<STP>991.2</STP>
		<SLP>1022.6</SLP>
		<VISIB>9.9</VISIB>
		<WDSP>4.3</WDSP>
		<PRCP>0.03</PRCP>
		<SNDP>0.0</SNDP>
		<FRSHTT>110000</FRSHTT>
		<CLDC>50.0</CLDC>
		<WNDDIR>348</WNDDIR>
	</MEASUREMENT> 

	<MEASUREMENT>
		<STN>71000</STN>
		<DATE>2019-01-29</DATE>
		<TIME>13:46:15</TIME>
		<TEMP>3.8</TEMP>
		<DEWP>1.5</DEWP>
		<STP>1008.4</STP>
		<SLP>1012.0</SLP>
		<VISIB>15.1</VISIB>
		<WDSP>49.0</WDSP>
		<PRCP>0.22</PRCP>
		<SNDP>0.0</SNDP>
		<FRSHTT>010000</FRSHTT>
		<CLDC>95.7</CLDC>
		<WNDDIR>180</WNDDIR>
	</MEASUREMENT> 
	<MEASUREMENT>
		<STN>70050</STN>
		<DATE>2019-01-29</DATE>
		<TIME>13:46:15</TIME>
		<TEMP>0.7</TEMP>
		<DEWP>-1.3</DEWP>
		<STP>1015.9</STP>
		<SLP>1016.3</SLP>
		<VISIB>8.6</VISIB>
		<WDSP>21.1</WDSP>
		<PRCP>0.10</PRCP>
		<SNDP>0.1</SNDP>
		<FRSHTT>011000</FRSHTT>
		<CLDC>50.4</CLDC>
		<WNDDIR>100</WNDDIR>
	</MEASUREMENT> 
	<MEASUREMENT>
		<STN>71390</STN>
		<DATE>2019-01-29</DATE>
		<TIME>13:46:15</TIME>
		<TEMP>0.9</TEMP>
		<DEWP>-1.5</DEWP>
		<STP>1007.3</STP>
		<SLP>1014.1</SLP>
		<VISIB>13.0</VISIB>
		<WDSP>13.5</WDSP>
		<PRCP>0.16</PRCP>
		<SNDP>0.1</SNDP>
		<FRSHTT>011000</FRSHTT>
		<CLDC>51.5</CLDC>
		<WNDDIR>335</WNDDIR>
	</MEASUREMENT> 
	<MEASUREMENT>
		<STN>71200</STN>
		<DATE>2019-01-29</DATE>
		<TIME>13:46:15</TIME>
		<TEMP>1.8</TEMP>
		<DEWP>-0.2</DEWP>
		<STP>1007.0</STP>
		<SLP>1023.8</SLP>
		<VISIB>22.2</VISIB>
		<WDSP>17.8</WDSP>
		<PRCP>0.09</PRCP>
		<SNDP>0.0</SNDP>
		<FRSHTT>010000</FRSHTT>
		<CLDC>50.0</CLDC>
		<WNDDIR>8</WNDDIR>
	</MEASUREMENT> 
	<MEASUREMENT>
		<STN>71270</STN>
		<DATE>2019-01-29</DATE>
		<TIME>13:46:15</TIME>
		<TEMP>2.5</TEMP>
		<DEWP>0.8</DEWP>
		<STP>1010.6</STP>
		<SLP>1009.2</SLP>
		<VISIB>17.4</VISIB>
		<WDSP>26.0</WDSP>
		<PRCP>0.30</PRCP>
		<SNDP>0.0</SNDP>
		<FRSHTT>010000</FRSHTT>
		<CLDC>50.6</CLDC>
		<WNDDIR>51</WNDDIR>
	</MEASUREMENT> 
	<MEASUREMENT>
		<STN>70280</STN>
		<DATE>2019-01-29</DATE>
		<TIME>13:46:15</TIME>
		<TEMP>1.1</TEMP>
		<DEWP>-0.5</DEWP>
		<STP>1017.7</STP>
		<SLP>1016.8</SLP>
		<VISIB>13.7</VISIB>
		<WDSP>38.6</WDSP>
		<PRCP>0.09</PRCP>
		<SNDP>0.0</SNDP>
		<FRSHTT>010000</FRSHTT>
		<CLDC>67.0</CLDC>
		<WNDDIR>50</WNDDIR>
	</MEASUREMENT> 
	<MEASUREMENT>
		<STN>73060</STN>
		<DATE>2019-01-29</DATE>
		<TIME>13:46:15</TIME>
		<TEMP>0.6</TEMP>
		<DEWP>-2.3</DEWP>
		<STP>1007.4</STP>
		<SLP>1013.8</SLP>
		<VISIB>12.9</VISIB>
		<WDSP>34.8</WDSP>
		<PRCP>0.22</PRCP>
		<SNDP>0.1</SNDP>
		<FRSHTT>011000</FRSHTT>
		<CLDC>62.6</CLDC>
		<WNDDIR>83</WNDDIR>
	</MEASUREMENT> 
	<MEASUREMENT>
		<STN>72570</STN>
		<DATE>2019-01-29</DATE>
		<TIME>13:46:15</TIME>
		<TEMP>0.3</TEMP>
		<DEWP>-2.3</DEWP>
		<STP>1005.8</STP>
		<SLP>1014.6</SLP>
		<VISIB>5.9</VISIB>
		<WDSP>21.1</WDSP>
		<PRCP>0.20</PRCP>
		<SNDP>1.1</SNDP>
		<FRSHTT>011000</FRSHTT>
		<CLDC>70.2</CLDC>
		<WNDDIR>141</WNDDIR>
	</MEASUREMENT> 
	<MEASUREMENT>
		<STN>72550</STN>
		<DATE>2019-01-29</DATE>
		<TIME>13:46:15</TIME>
		<TEMP>0.2</TEMP>
		<DEWP>-1.9</DEWP>
		<STP>1006.9</STP>
		<SLP>1017.1</SLP>
		<VISIB>11.3</VISIB>
		<WDSP>17.9</WDSP>
		<PRCP>0.10</PRCP>
		<SNDP>0.0</SNDP>
		<FRSHTT>010000</FRSHTT>
		<CLDC>82.3</CLDC>
		<WNDDIR>251</WNDDIR>
	</MEASUREMENT> 
	<MEASUREMENT>
		<STN>72553</STN>
		<DATE>2019-01-29</DATE>
		<TIME>13:46:15</TIME>
		<TEMP>-1.6</TEMP>
		<DEWP>-2.1</DEWP>
		<STP>989.0</STP>
		<SLP>993.5</SLP>
		<VISIB>8.6</VISIB>
		<WDSP>6.8</WDSP>
		<PRCP>0.00</PRCP>
		<SNDP>0.0</SNDP>
		<FRSHTT>100000</FRSHTT>
		<CLDC>33.8</CLDC>
		<WNDDIR>63</WNDDIR>
	</MEASUREMENT> 
	<MEASUREMENT>
		<STN>72554</STN>
		<DATE>2019-01-29</DATE>
		<TIME>13:46:15</TIME>
		<TEMP>0.0</TEMP>
		<DEWP>-3.5</DEWP>
		<STP>1016.7</STP>
		<SLP>1043.6</SLP>
		<VISIB>8.2</VISIB>
		<WDSP>8.8</WDSP>
		<PRCP>0.00</PRCP>
		<SNDP>0.0</SNDP>
		<FRSHTT>000000</FRSHTT>
		<CLDC>46.7</CLDC>
		<WNDDIR>75</WNDDIR>
	</MEASUREMENT> 
	<MEASUREMENT>
		<STN>77910</STN>
		<DATE>2019-01-29</DATE>
		<TIME>13:46:15</TIME>
		<TEMP>1.9</TEMP>
		<DEWP>-3.9</DEWP>
		<STP>1022.6</STP>
		<SLP>1020.0</SLP>
		<VISIB>14.7</VISIB>
		<WDSP>16.5</WDSP>
		<PRCP>0.00</PRCP>
		<SNDP>0.0</SNDP>
		<FRSHTT>000000</FRSHTT>
		<CLDC>72.0</CLDC>
		<WNDDIR>36</WNDDIR>
	</MEASUREMENT> 
	<MEASUREMENT>
		<STN>71790</STN>
		<DATE>2019-01-29</DATE>
		<TIME>13:46:15</TIME>
		<TEMP>0.3</TEMP>
		<DEWP>-0.8</DEWP>
		<STP>1031.5</STP>
		<SLP>1019.0</SLP>
		<VISIB>15.8</VISIB>
		<WDSP>10.0</WDSP>
		<PRCP>0.03</PRCP>
		<SNDP>0.0</SNDP>
		<FRSHTT>010000</FRSHTT>
		<CLDC>53.3</CLDC>
		<WNDDIR>156</WNDDIR>
	</MEASUREMENT> 
	<MEASUREMENT>
		<STN>76950</STN>
		<DATE>2019-01-29</DATE>
		<TIME>13:46:15</TIME>
		<TEMP>4.1</TEMP>
		<DEWP>1.0</DEWP>
		<STP>1010.7</STP>
		<SLP>1011.3</SLP>
		<VISIB>31.1</VISIB>
		<WDSP>23.1</WDSP>
		<PRCP>0.65</PRCP>
		<SNDP>0.0</SNDP>
		<FRSHTT>010000</FRSHTT>
		<CLDC>52.4</CLDC>
		<WNDDIR>313</WNDDIR>
	</MEASUREMENT> 
	<MEASUREMENT>
		<STN>74810</STN>
		<DATE>2019-01-29</DATE>
		<TIME>13:46:15</TIME>
		<TEMP>-0.4</TEMP>
		<DEWP>-3.1</DEWP>
		<STP>1006.6</STP>
		<SLP>1020.6</SLP>
		<VISIB>9.3</VISIB>
		<WDSP>9.2</WDSP>
		<PRCP>0.15</PRCP>
		<SNDP>0.3</SNDP>
		<FRSHTT>111000</FRSHTT>
		<CLDC>92.0</CLDC>
		<WNDDIR>154</WNDDIR>
	</MEASUREMENT> 
	<MEASUREMENT>
		<STN>74800</STN>
		<DATE>2019-01-29</DATE>
		<TIME>13:46:15</TIME>
		<TEMP>-0.1</TEMP>
		<DEWP>-2.7</DEWP>
		<STP>1007.6</STP>
		<SLP>1014.8</SLP>
		<VISIB>10.5</VISIB>
		<WDSP>10.1</WDSP>
		<PRCP>0.15</PRCP>
		<SNDP>0.3</SNDP>
		<FRSHTT>111000</FRSHTT>
		<CLDC>51.9</CLDC>
		<WNDDIR>3</WNDDIR>
	</MEASUREMENT> 

	<MEASUREMENT>
		<STN>75910</STN>
		<DATE>2019-01-29</DATE>
		<TIME>13:46:15</TIME>
		<TEMP>-2.3</TEMP>
		<DEWP>-6.5</DEWP>
		<STP>926.8</STP>
		<SLP>918.6</SLP>
		<VISIB>18.1</VISIB>
		<WDSP>11.8</WDSP>
		<PRCP>0.16</PRCP>
		<SNDP>4.0</SNDP>
		<FRSHTT>111000</FRSHTT>
		<CLDC>51.2</CLDC>
		<WNDDIR>160</WNDDIR>
	</MEASUREMENT> 
	<MEASUREMENT>
		<STN>76300</STN>
		<DATE>2019-01-29</DATE>
		<TIME>13:46:15</TIME>
		<TEMP>0.9</TEMP>
		<DEWP>-2.0</DEWP>
		<STP>1006.8</STP>
		<SLP>1018.2</SLP>
		<VISIB>11.3</VISIB>
		<WDSP>18.8</WDSP>
		<PRCP>0.17</PRCP>
		<SNDP>0.0</SNDP>
		<FRSHTT>010000</FRSHTT>
		<CLDC>99.2</CLDC>
		<WNDDIR>200</WNDDIR>
	</MEASUREMENT> 
	<MEASUREMENT>
		<STN>76310</STN>
		<DATE>2019-01-29</DATE>
		<TIME>13:46:15</TIME>
		<TEMP>0.3</TEMP>
		<DEWP>-1.7</DEWP>
		<STP>1009.7</STP>
		<SLP>1029.5</SLP>
		<VISIB>3.4</VISIB>
		<WDSP>8.5</WDSP>
		<PRCP>0.00</PRCP>
		<SNDP>0.0</SNDP>
		<FRSHTT>000000</FRSHTT>
		<CLDC>3.5</CLDC>
		<WNDDIR>182</WNDDIR>
	</MEASUREMENT> 
	<MEASUREMENT>
		<STN>75350</STN>
		<DATE>2019-01-29</DATE>
		<TIME>13:46:15</TIME>
		<TEMP>1.0</TEMP>
		<DEWP>-1.4</DEWP>
		<STP>1014.9</STP>
		<SLP>1018.2</SLP>
		<VISIB>17.6</VISIB>
		<WDSP>14.4</WDSP>
		<PRCP>0.30</PRCP>
		<SNDP>0.0</SNDP>
		<FRSHTT>010000</FRSHTT>
		<CLDC>50.6</CLDC>
		<WNDDIR>64</WNDDIR>
	</MEASUREMENT> 
	<MEASUREMENT>
		<STN>77650</STN>
		<DATE>2019-01-29</DATE>
		<TIME>13:46:15</TIME>
		<TEMP>3.0</TEMP>
		<DEWP>-1.7</DEWP>
		<STP>1052.0</STP>
		<SLP>1022.5</SLP>
		<VISIB>13.7</VISIB>
		<WDSP>10.8</WDSP>
		<PRCP>0.00</PRCP>
		<SNDP>0.0</SNDP>
		<FRSHTT>000000</FRSHTT>
		<CLDC>71.7</CLDC>
		<WNDDIR>206</WNDDIR>
	</MEASUREMENT> 
	<MEASUREMENT>
		<STN>71470</STN>
		<DATE>2019-01-29</DATE>
		<TIME>13:46:15</TIME>
		<TEMP>0.2</TEMP>
		<DEWP>-2.3</DEWP>
		<STP>1003.4</STP>
		<SLP>1018.0</SLP>
		<VISIB>15.7</VISIB>
		<WDSP>16.0</WDSP>
		<PRCP>0.09</PRCP>
		<SNDP>0.0</SNDP>
		<FRSHTT>010000</FRSHTT>
		<CLDC>88.5</CLDC>
		<WNDDIR>230</WNDDIR>
	</MEASUREMENT> 
	<MEASUREMENT>
		<STN>71460</STN>
		<DATE>2019-01-29</DATE>
		<TIME>13:46:15</TIME>
		<TEMP>0.7</TEMP>
		<DEWP>-1.8</DEWP>
		<STP>1000.5</STP>
		<SLP>1016.3</SLP>
		<VISIB>8.3</VISIB>
		<WDSP>14.1</WDSP>
		<PRCP>0.00</PRCP>
		<SNDP>0.0</SNDP>
		<FRSHTT>000000</FRSHTT>
		<CLDC>76.3</CLDC>
		<WNDDIR>167</WNDDIR>
	</MEASUREMENT> 
	<MEASUREMENT>
		<STN>74970</STN>
		<DATE>2019-01-29</DATE>
		<TIME>13:46:15</TIME>
		<TEMP>-2.9</TEMP>
		<DEWP>-7.0</DEWP>
		<STP>941.8</STP>
		<SLP>947.9</SLP>
		<VISIB>25.5</VISIB>
		<WDSP>2.0</WDSP>
		<PRCP>0.08</PRCP>
		<SNDP>19.7</SNDP>
		<FRSHTT>111000</FRSHTT>
		<CLDC>51.5</CLDC>
		<WNDDIR>77</WNDDIR>
	</MEASUREMENT> 
	<MEASUREMENT>
		<STN>70290</STN>
		<DATE>2019-01-29</DATE>
		<TIME>13:46:15</TIME>
		<TEMP>3.2</TEMP>
		<DEWP>1.0</DEWP>
		<STP>950.1</STP>
		<SLP>981.1</SLP>
		<VISIB>9.3</VISIB>
		<WDSP>33.8</WDSP>
		<PRCP>0.92</PRCP>
		<SNDP>0.0</SNDP>
		<FRSHTT>010000</FRSHTT>
		<CLDC>61.0</CLDC>
		<WNDDIR>301</WNDDIR>
	</MEASUREMENT> 
	<MEASUREMENT>
		<STN>70570</STN>
		<DATE>2019-01-29</DATE>
		<TIME>13:46:15</TIME>
		<TEMP>0.1</TEMP>
		<DEWP>-3.1</DEWP>
		<STP>1020.3</STP>
		<SLP>1013.8</SLP>
		<VISIB>16.5</VISIB>
		<WDSP>14.6</WDSP>
		<PRCP>0.02</PRCP>
		<SNDP>0.0</SNDP>
		<FRSHTT>010000</FRSHTT>
		<CLDC>85.7</CLDC>
		<WNDDIR>87</WNDDIR>
	</MEASUREMENT> 
	<MEASUREMENT>
		<STN>74750</STN>
		<DATE>2019-01-29</DATE>
		<TIME>13:46:15</TIME>
		<TEMP>-0.3</TEMP>
		<DEWP>-3.2</DEWP>
		<STP>990.6</STP>
		<SLP>1015.4</SLP>
		<VISIB>10.9</VISIB>
		<WDSP>11.1</WDSP>
		<PRCP>0.02</PRCP>
		<SNDP>0.5</SNDP>
		<FRSHTT>111000</FRSHTT>
		<CLDC>50.3</CLDC>
		<WNDDIR>215</WNDDIR>
	</MEASUREMENT> 
	<MEASUREMENT>
		<STN>71860</STN>
		<DATE>2019-01-29</DATE>
		<TIME>13:46:15</TIME>
		<TEMP>-0.1</TEMP>
		<DEWP>-2.8</DEWP>
		<STP>1006.6</STP>
		<SLP>1012.7</SLP>
		<VISIB>4.2</VISIB>
		<WDSP>30.5</WDSP>
		<PRCP>0.03</PRCP>
		<SNDP>0.8</SNDP>
		<FRSHTT>111000</FRSHTT>
		<CLDC>64.8</CLDC>
		<WNDDIR>356</WNDDIR>
	</MEASUREMENT> 
	<MEASUREMENT>
		<STN>74710</STN>
		<DATE>2019-01-29</DATE>
		<TIME>13:46:15</TIME>
		<TEMP>-3.5</TEMP>
		<DEWP>-4.9</DEWP>
		<STP>934.7</STP>
		<SLP>936.6</SLP>
		<VISIB>13.7</VISIB>
		<WDSP>11.2</WDSP>
		<PRCP>0.25</PRCP>
		<SNDP>3.0</SNDP>
		<FRSHTT>111000</FRSHTT>
		<CLDC>77.3</CLDC>
		<WNDDIR>91</WNDDIR>
	</MEASUREMENT> 
	<MEASUREMENT>
		<STN>73160</STN>
		<DATE>2019-01-29</DATE>
		<TIME>13:46:15</TIME>
		<TEMP>-0.8</TEMP>
		<DEWP>-2.6</DEWP>
		<STP>1024.2</STP>
		<SLP>1027.6</SLP>
		<VISIB>4.9</VISIB>
		<WDSP>8.0</WDSP>
		<PRCP>0.03</PRCP>
		<SNDP>0.0</SNDP>
		<FRSHTT>110000</FRSHTT>
		<CLDC>51.1</CLDC>
		<WNDDIR>235</WNDDIR>
	</MEASUREMENT> 
	<MEASUREMENT>
		<STN>73140</STN>
		<DATE>2019-01-29</DATE>
		<TIME>13:46:15</TIME>
		<TEMP>2.3</TEMP>
		<DEWP>0.4</DEWP>
		<STP>1016.5</STP>
		<SLP>1017.7</SLP>
		<VISIB>13.7</VISIB>
		<WDSP>32.0</WDSP>
		<PRCP>0.17</PRCP>
		<SNDP>0.0</SNDP>
		<FRSHTT>010000</FRSHTT>
		<CLDC>91.1</CLDC>
		<WNDDIR>173</WNDDIR>
	</MEASUREMENT> 
	<MEASUREMENT>
		<STN>72220</STN>
		<DATE>2019-01-29</DATE>
		<TIME>13:46:15</TIME>
		<TEMP>2.0</TEMP>
		<DEWP>0.0</DEWP>
		<STP>1017.1</STP>
		<SLP>1017.7</SLP>
		<VISIB>9.1</VISIB>
		<WDSP>11.8</WDSP>
		<PRCP>0.19</PRCP>
		<SNDP>0.1</SNDP>
		<FRSHTT>011000</FRSHTT>
		<CLDC>50.6</CLDC>
		<WNDDIR>327</WNDDIR>
	</MEASUREMENT> 
	<MEASUREMENT>
		<STN>74910</STN>
		<DATE>2019-01-29</DATE>
		<TIME>13:46:15</TIME>
		<TEMP>-0.9</TEMP>
		<DEWP>-5.4</DEWP>
		<STP>999.0</STP>
		<SLP>1020.4</SLP>
		<VISIB>12.9</VISIB>
		<WDSP>12.8</WDSP>
		<PRCP>0.26</PRCP>
		<SNDP>0.1</SNDP>
		<FRSHTT>111000</FRSHTT>
		<CLDC>51.9</CLDC>
		<WNDDIR>138</WNDDIR>
	</MEASUREMENT> 
	<MEASUREMENT>
		<STN>71680</STN>
		<DATE>2019-01-29</DATE>
		<TIME>13:46:15</TIME>
		<TEMP>-0.4</TEMP>
		<DEWP>-2.4</DEWP>
		<STP>1008.5</STP>
		<SLP>1021.1</SLP>
		<VISIB>4.8</VISIB>
		<WDSP>16.9</WDSP>
		<PRCP>0.07</PRCP>
		<SNDP>0.2</SNDP>
		<FRSHTT>111000</FRSHTT>
		<CLDC>56.1</CLDC>
		<WNDDIR>287</WNDDIR>
	</MEASUREMENT> 
	<MEASUREMENT>
		<STN>70270</STN>
		<DATE>2019-01-29</DATE>
		<TIME>13:46:15</TIME>
		<TEMP>0.5</TEMP>
		<DEWP>-0.6</DEWP>
		<STP>1012.8</STP>
		<SLP>1017.1</SLP>
		<VISIB>10.9</VISIB>
		<WDSP>18.7</WDSP>
		<PRCP>0.11</PRCP>
		<SNDP>0.1</SNDP>
		<FRSHTT>011000</FRSHTT>
		<CLDC>80.7</CLDC>
		<WNDDIR>322</WNDDIR>
	</MEASUREMENT> 
	<MEASUREMENT>
		<STN>70240</STN>
		<DATE>2019-01-29</DATE>
		<TIME>13:46:15</TIME>
		<TEMP>1.2</TEMP>
		<DEWP>-1.7</DEWP>
		<STP>1008.0</STP>
		<SLP>1010.1</SLP>
		<VISIB>10.4</VISIB>
		<WDSP>8.0</WDSP>
		<PRCP>0.20</PRCP>
		<SNDP>0.0</SNDP>
		<FRSHTT>010000</FRSHTT>
		<CLDC>51.9</CLDC>
		<WNDDIR>114</WNDDIR>
	</MEASUREMENT> 
	<MEASUREMENT>
		<STN>76610</STN>
		<DATE>2019-01-29</DATE>
		<TIME>13:46:15</TIME>
		<TEMP>5.0</TEMP>
		<DEWP>1.1</DEWP>
		<STP>1011.6</STP>
		<SLP>1015.2</SLP>
		<VISIB>17.3</VISIB>
		<WDSP>26.8</WDSP>
		<PRCP>0.35</PRCP>
		<SNDP>0.0</SNDP>
		<FRSHTT>010000</FRSHTT>
		<CLDC>51.1</CLDC>
		<WNDDIR>151</WNDDIR>
	</MEASUREMENT> 
	<MEASUREMENT>
		<STN>76600</STN>
		<DATE>2019-01-29</DATE>
		<TIME>13:46:15</TIME>
		<TEMP>1.6</TEMP>
		<DEWP>-2.7</DEWP>
		<STP>1006.4</STP>
		<SLP>1012.6</SLP>
		<VISIB>13.3</VISIB>
		<WDSP>22.2</WDSP>
		<PRCP>0.23</PRCP>
		<SNDP>0.0</SNDP>
		<FRSHTT>010000</FRSHTT>
		<CLDC>62.5</CLDC>
		<WNDDIR>95</WNDDIR>
	</MEASUREMENT> 
	<MEASUREMENT>
		<STN>77470</STN>
		<DATE>2019-01-29</DATE>
		<TIME>13:46:15</TIME>
		<TEMP>1.9</TEMP>
		<DEWP>-3.0</DEWP>
		<STP>1014.9</STP>
		<SLP>1017.9</SLP>
		<VISIB>14.2</VISIB>
		<WDSP>16.1</WDSP>
		<PRCP>0.09</PRCP>
		<SNDP>0.0</SNDP>
		<FRSHTT>010000</FRSHTT>
		<CLDC>50.9</CLDC>
		<WNDDIR>149</WNDDIR>
	</MEASUREMENT> 
	<MEASUREMENT>
		<STN>70170</STN>
		<DATE>2019-01-29</DATE>
		<TIME>13:46:15</TIME>
		<TEMP>0.0</TEMP>
		<DEWP>-1.6</DEWP>
		<STP>1006.6</STP>
		<SLP>1013.7</SLP>
		<VISIB>9.7</VISIB>
		<WDSP>21.3</WDSP>
		<PRCP>0.10</PRCP>
		<SNDP>0.2</SNDP>
		<FRSHTT>011000</FRSHTT>
		<CLDC>51.3</CLDC>
		<WNDDIR>215</WNDDIR>
	</MEASUREMENT> 
	<MEASUREMENT>
		<STN>70150</STN>
		<DATE>2019-01-29</DATE>
		<TIME>13:46:15</TIME>
		<TEMP>0.8</TEMP>
		<DEWP>-1.8</DEWP>
		<STP>1018.5</STP>
		<SLP>1016.8</SLP>
		<VISIB>13.2</VISIB>
		<WDSP>17.3</WDSP>
		<PRCP>0.09</PRCP>
		<SNDP>0.1</SNDP>
		<FRSHTT>011000</FRSHTT>
		<CLDC>94.9</CLDC>
		<WNDDIR>261</WNDDIR>
	</MEASUREMENT> 
	<MEASUREMENT>
		<STN>74700</STN>
		<DATE>2019-01-29</DATE>
		<TIME>13:46:15</TIME>
		<TEMP>-0.5</TEMP>
		<DEWP>-3.6</DEWP>
		<STP>938.1</STP>
		<SLP>1025.9</SLP>
		<VISIB>16.9</VISIB>
		<WDSP>6.2</WDSP>
		<PRCP>0.06</PRCP>
		<SNDP></SNDP>
		<FRSHTT>110000</FRSHTT>
		<CLDC>85.8</CLDC>
		<WNDDIR>322</WNDDIR>
	</MEASUREMENT> 
	<MEASUREMENT>
		<STN>70610</STN>
		<DATE>2019-01-29</DATE>
		<TIME>13:46:15</TIME>
		<TEMP>0.2</TEMP>
		<DEWP>-2.1</DEWP>
		<STP>1012.2</STP>
		<SLP>1015.2</SLP>
		<VISIB>11.4</VISIB>
		<WDSP>12.5</WDSP>
		<PRCP>0.13</PRCP>
		<SNDP>0.1</SNDP>
		<FRSHTT>011000</FRSHTT>
		<CLDC>52.4</CLDC>
		<WNDDIR>148</WNDDIR>
	</MEASUREMENT> 

	<MEASUREMENT>
		<STN>71190</STN>
		<DATE>2019-01-29</DATE>
		<TIME>13:46:15</TIME>
		<TEMP>1.4</TEMP>
		<DEWP>-0.1</DEWP>
		<STP>1011.8</STP>
		<SLP>1014.0</SLP>
		<VISIB>9.1</VISIB>
		<WDSP>25.2</WDSP>
		<PRCP>0.17</PRCP>
		<SNDP>0.0</SNDP>
		<FRSHTT>010000</FRSHTT>
		<CLDC>52.4</CLDC>
		<WNDDIR>71</WNDDIR>
	</MEASUREMENT> 
	<MEASUREMENT>
		<STN>71180</STN>
		<DATE>2019-01-29</DATE>
		<TIME>13:46:15</TIME>
		<TEMP>2.1</TEMP>
		<DEWP>-1.2</DEWP>
		<STP>999.9</STP>
		<SLP>1010.9</SLP>
		<VISIB>17.1</VISIB>
		<WDSP>12.1</WDSP>
		<PRCP>0.00</PRCP>
		<SNDP>0.0</SNDP>
		<FRSHTT>000000</FRSHTT>
		<CLDC>72.6</CLDC>
		<WNDDIR>227</WNDDIR>
	</MEASUREMENT> 
	<MEASUREMENT>
		<STN>71170</STN>
		<DATE>2019-01-29</DATE>
		<TIME>13:46:15</TIME>
		<TEMP>2.2</TEMP>
		<DEWP>-1.4</DEWP>
		<STP>1016.9</STP>
		<SLP>1022.9</SLP>
		<VISIB>18.6</VISIB>
		<WDSP>25.0</WDSP>
		<PRCP>0.35</PRCP>
		<SNDP>0.0</SNDP>
		<FRSHTT>010000</FRSHTT>
		<CLDC>50.9</CLDC>
		<WNDDIR>40</WNDDIR>
	</MEASUREMENT> 
	<MEASUREMENT>
		<STN>70930</STN>
		<DATE>2019-01-29</DATE>
		<TIME>13:46:15</TIME>
		<TEMP>-1.1</TEMP>
		<DEWP>-2.9</DEWP>
		<STP>997.6</STP>
		<SLP>1018.1</SLP>
		<VISIB>7.4</VISIB>
		<WDSP>19.3</WDSP>
		<PRCP>0.00</PRCP>
		<SNDP>0.0</SNDP>
		<FRSHTT>100000</FRSHTT>
		<CLDC>66.7</CLDC>
		<WNDDIR>202</WNDDIR>
	</MEASUREMENT> 
	<MEASUREMENT>
		<STN>76840</STN>
		<DATE>2019-01-29</DATE>
		<TIME>13:46:15</TIME>
		<TEMP>1.6</TEMP>
		<DEWP>-3.7</DEWP>
		<STP>1013.9</STP>
		<SLP>1021.1</SLP>
		<VISIB>12.6</VISIB>
		<WDSP>14.8</WDSP>
		<PRCP>0.30</PRCP>
		<SNDP>0.0</SNDP>
		<FRSHTT>010000</FRSHTT>
		<CLDC>63.4</CLDC>
		<WNDDIR>133</WNDDIR>
	</MEASUREMENT> 
	<MEASUREMENT>
		<STN>76220</STN>
		<DATE>2019-01-29</DATE>
		<TIME>13:46:15</TIME>
		<TEMP>-1.0</TEMP>
		<DEWP>-2.0</DEWP>
		<STP>1005.2</STP>
		<SLP>1019.0</SLP>
		<VISIB>3.3</VISIB>
		<WDSP>3.8</WDSP>
		<PRCP>0.13</PRCP>
		<SNDP>1.1</SNDP>
		<FRSHTT>111000</FRSHTT>
		<CLDC>50.0</CLDC>
		<WNDDIR>150</WNDDIR>
	</MEASUREMENT> 
	<MEASUREMENT>
		<STN>76210</STN>
		<DATE>2019-01-29</DATE>
		<TIME>13:46:15</TIME>
		<TEMP>0.1</TEMP>
		<DEWP>-3.6</DEWP>
		<STP>996.6</STP>
		<SLP>1018.5</SLP>
		<VISIB>14.9</VISIB>
		<WDSP>10.0</WDSP>
		<PRCP>0.26</PRCP>
		<SNDP>0.1</SNDP>
		<FRSHTT>011000</FRSHTT>
		<CLDC>52.7</CLDC>
		<WNDDIR>221</WNDDIR>
	</MEASUREMENT> 

	<MEASUREMENT>
		<STN>75030</STN>
		<DATE>2019-01-29</DATE>
		<TIME>13:46:15</TIME>
		<TEMP>3.1</TEMP>
		<DEWP>0.0</DEWP>
		<STP>1010.1</STP>
		<SLP>1010.7</SLP>
		<VISIB>4.0</VISIB>
		<WDSP>32.9</WDSP>
		<PRCP>0.21</PRCP>
		<SNDP>0.0</SNDP>
		<FRSHTT>010000</FRSHTT>
		<CLDC>58.7</CLDC>
		<WNDDIR>256</WNDDIR>
	</MEASUREMENT> 
	<MEASUREMENT>
		<STN>70550</STN>
		<DATE>2019-01-29</DATE>
		<TIME>13:46:15</TIME>
		<TEMP>0.3</TEMP>
		<DEWP>-2.3</DEWP>
		<STP>1009.7</STP>
		<SLP>1021.0</SLP>
		<VISIB>12.4</VISIB>
		<WDSP>18.9</WDSP>
		<PRCP>0.06</PRCP>
		<SNDP>0.1</SNDP>
		<FRSHTT>011000</FRSHTT>
		<CLDC>51.1</CLDC>
		<WNDDIR>18</WNDDIR>
	</MEASUREMENT> 
	<MEASUREMENT>
		<STN>77490</STN>
		<DATE>2019-01-29</DATE>
		<TIME>13:46:15</TIME>
		<TEMP>3.1</TEMP>
		<DEWP>-0.8</DEWP>
		<STP>1005.5</STP>
		<SLP>1015.1</SLP>
		<VISIB>11.5</VISIB>
		<WDSP>29.3</WDSP>
		<PRCP>0.03</PRCP>
		<SNDP>0.0</SNDP>
		<FRSHTT>010000</FRSHTT>
		<CLDC>80.9</CLDC>
		<WNDDIR>170</WNDDIR>
	</MEASUREMENT> 
	<MEASUREMENT>
		<STN>77610</STN>
		<DATE>2019-01-29</DATE>
		<TIME>13:46:15</TIME>
		<TEMP>3.1</TEMP>
		<DEWP>-1.9</DEWP>
		<STP>1012.2</STP>
		<SLP>1014.8</SLP>
		<VISIB>14.3</VISIB>
		<WDSP>15.6</WDSP>
		<PRCP>0.12</PRCP>
		<SNDP>0.0</SNDP>
		<FRSHTT>010000</FRSHTT>
		<CLDC>91.1</CLDC>
		<WNDDIR>17</WNDDIR>
	</MEASUREMENT> 
	<MEASUREMENT>
		<STN>76070</STN>
		<DATE>2019-01-29</DATE>
		<TIME>13:46:15</TIME>
		<TEMP>1.5</TEMP>
		<DEWP>-0.7</DEWP>
		<STP>1014.9</STP>
		<SLP>1018.4</SLP>
		<VISIB>12.0</VISIB>
		<WDSP>13.4</WDSP>
		<PRCP>0.24</PRCP>
		<SNDP>0.1</SNDP>
		<FRSHTT>011000</FRSHTT>
		<CLDC>78.5</CLDC>
		<WNDDIR>76</WNDDIR>
	</MEASUREMENT> 
	<MEASUREMENT>
		<STN>76520</STN>
		<DATE>2019-01-29</DATE>
		<TIME>13:46:15</TIME>
		<TEMP>3.1</TEMP>
		<DEWP>0.0</DEWP>
		<STP>1010.2</STP>
		<SLP>1013.2</SLP>
		<VISIB>13.8</VISIB>
		<WDSP>14.2</WDSP>
		<PRCP>0.04</PRCP>
		<SNDP>0.0</SNDP>
		<FRSHTT>010000</FRSHTT>
		<CLDC>50.3</CLDC>
		<WNDDIR>86</WNDDIR>
	</MEASUREMENT> 
	<MEASUREMENT>
		<STN>73000</STN>
		<DATE>2019-01-29</DATE>
		<TIME>13:46:15</TIME>
		<TEMP>1.8</TEMP>
		<DEWP>-0.3</DEWP>
		<STP>1011.6</STP>
		<SLP>1015.3</SLP>
		<VISIB>17.7</VISIB>
		<WDSP>26.0</WDSP>
		<PRCP>0.64</PRCP>
		<SNDP>0.0</SNDP>
		<FRSHTT>010000</FRSHTT>
		<CLDC>50.6</CLDC>
		<WNDDIR>48</WNDDIR>
	</MEASUREMENT> 
	<MEASUREMENT>
		<STN>76270</STN>
		<DATE>2019-01-29</DATE>
		<TIME>13:46:15</TIME>
		<TEMP>-0.1</TEMP>
		<DEWP>-5.0</DEWP>
		<STP>998.4</STP>
		<SLP>1020.8</SLP>
		<VISIB>11.8</VISIB>
		<WDSP>14.7</WDSP>
		<PRCP>0.28</PRCP>
		<SNDP>4.1</SNDP>
		<FRSHTT>111000</FRSHTT>
		<CLDC>50.5</CLDC>
		<WNDDIR>206</WNDDIR>
	</MEASUREMENT> 

	<MEASUREMENT>
		<STN>75580</STN>
		<DATE>2019-01-29</DATE>
		<TIME>13:46:15</TIME>
		<TEMP>-0.7</TEMP>
		<DEWP>-2.8</DEWP>
		<STP>940.2</STP>
		<SLP>1016.8</SLP>
		<VISIB>23.7</VISIB>
		<WDSP>18.4</WDSP>
		<PRCP>0.36</PRCP>
		<SNDP>1.0</SNDP>
		<FRSHTT>111000</FRSHTT>
		<CLDC>72.9</CLDC>
		<WNDDIR>142</WNDDIR>
	</MEASUREMENT> 

	<MEASUREMENT>
		<STN>75630</STN>
		<DATE>2019-01-29</DATE>
		<TIME>13:46:15</TIME>
		<TEMP>-0.6</TEMP>
		<DEWP>-5.5</DEWP>
		<STP>1021.6</STP>
		<SLP>1026.4</SLP>
		<VISIB>10.3</VISIB>
		<WDSP>6.4</WDSP>
		<PRCP>0.00</PRCP>
		<SNDP>0.0</SNDP>
		<FRSHTT>100000</FRSHTT>
		<CLDC>36.4</CLDC>
		<WNDDIR>51</WNDDIR>
	</MEASUREMENT> 
	<MEASUREMENT>
		<STN>77850</STN>
		<DATE>2019-01-29</DATE>
		<TIME>13:46:15</TIME>
		<TEMP>1.3</TEMP>
		<DEWP>-5.2</DEWP>
		<STP>1026.9</STP>
		<SLP>1020.7</SLP>
		<VISIB>17.1</VISIB>
		<WDSP>17.4</WDSP>
		<PRCP>0.00</PRCP>
		<SNDP>0.0</SNDP>
		<FRSHTT>000000</FRSHTT>
		<CLDC>46.7</CLDC>
		<WNDDIR>82</WNDDIR>
	</MEASUREMENT> 
	<MEASUREMENT>
		<STN>71800</STN>
		<DATE>2019-01-29</DATE>
		<TIME>13:46:15</TIME>
		<TEMP>-0.8</TEMP>
		<DEWP>-3.3</DEWP>
		<STP>1008.5</STP>
		<SLP>1018.7</SLP>
		<VISIB>11.5</VISIB>
		<WDSP>11.2</WDSP>
		<PRCP>0.10</PRCP>
		<SNDP>0.2</SNDP>
		<FRSHTT>111000</FRSHTT>
		<CLDC>51.8</CLDC>
		<WNDDIR>205</WNDDIR>
	</MEASUREMENT> 
	<MEASUREMENT>
		<STN>72950</STN>
		<DATE>2019-01-29</DATE>
		<TIME>13:46:15</TIME>
		<TEMP>0.4</TEMP>
		<DEWP>-2.0</DEWP>
		<STP>1006.7</STP>
		<SLP>1025.4</SLP>
		<VISIB>1.4</VISIB>
		<WDSP>6.8</WDSP>
		<PRCP>0.17</PRCP>
		<SNDP>0.0</SNDP>
		<FRSHTT>010000</FRSHTT>
		<CLDC>87.0</CLDC>
		<WNDDIR>21</WNDDIR>
	</MEASUREMENT> 
	<MEASUREMENT>
		<STN>75880</STN>
		<DATE>2019-01-29</DATE>
		<TIME>13:46:15</TIME>
		<TEMP>-2.4</TEMP>
		<DEWP>-10.3</DEWP>
		<STP>965.7</STP>
		<SLP>1021.8</SLP>
		<VISIB>60.7</VISIB>
		<WDSP>1.6</WDSP>
		<PRCP>0.00</PRCP>
		<SNDP>0.0</SNDP>
		<FRSHTT>100000</FRSHTT>
		<CLDC>78.5</CLDC>
		<WNDDIR>356</WNDDIR>
	</MEASUREMENT> 
	<MEASUREMENT>
		<STN>73175</STN>
		<DATE>2019-01-29</DATE>
		<TIME>13:46:15</TIME>
		<TEMP>1.0</TEMP>
		<DEWP>-0.4</DEWP>
		<STP>999.8</STP>
		<SLP>1007.9</SLP>
		<VISIB>5.7</VISIB>
		<WDSP>9.9</WDSP>
		<PRCP>0.00</PRCP>
		<SNDP>0.0</SNDP>
		<FRSHTT>000000</FRSHTT>
		<CLDC>88.0</CLDC>
		<WNDDIR>340</WNDDIR>
	</MEASUREMENT> 
	<MEASUREMENT>
		<STN>70400</STN>
		<DATE>2019-01-29</DATE>
		<TIME>13:46:15</TIME>
		<TEMP>2.3</TEMP>
		<DEWP>-0.3</DEWP>
		<STP>971.7</STP>
		<SLP>982.1</SLP>
		<VISIB>20.5</VISIB>
		<WDSP>24.8</WDSP>
		<PRCP>0.35</PRCP>
		<SNDP>0.0</SNDP>
		<FRSHTT>010000</FRSHTT>
		<CLDC>51.5</CLDC>
		<WNDDIR>317</WNDDIR>
	</MEASUREMENT> 
	<MEASUREMENT>
		<STN>72600</STN>
		<DATE>2019-01-29</DATE>
		<TIME>13:46:15</TIME>
		<TEMP>0.0</TEMP>
		<DEWP>-1.8</DEWP>
		<STP>1003.2</STP>
		<SLP>1025.1</SLP>
		<VISIB>10.0</VISIB>
		<WDSP>4.9</WDSP>
		<PRCP>0.00</PRCP>
		<SNDP>0.0</SNDP>
		<FRSHTT>100000</FRSHTT>
		<CLDC>20.6</CLDC>
		<WNDDIR>12</WNDDIR>
	</MEASUREMENT> 
	<MEASUREMENT>
		<STN>71810</STN>
		<DATE>2019-01-29</DATE>
		<TIME>13:46:15</TIME>
		<TEMP>-0.9</TEMP>
		<DEWP>-2.6</DEWP>
		<STP>984.3</STP>
		<SLP>1016.7</SLP>
		<VISIB>9.9</VISIB>
		<WDSP>7.1</WDSP>
		<PRCP>0.10</PRCP>
		<SNDP>1.3</SNDP>
		<FRSHTT>111000</FRSHTT>
		<CLDC>50.6</CLDC>
		<WNDDIR>95</WNDDIR>
	</MEASUREMENT> 
	<MEASUREMENT>
		<STN>72070</STN>
		<DATE>2019-01-29</DATE>
		<TIME>13:46:15</TIME>
		<TEMP>3.2</TEMP>
		<DEWP>0.8</DEWP>
		<STP>1014.3</STP>
		<SLP>1015.0</SLP>
		<VISIB>14.0</VISIB>
		<WDSP>21.7</WDSP>
		<PRCP>0.13</PRCP>
		<SNDP>0.0</SNDP>
		<FRSHTT>010000</FRSHTT>
		<CLDC>57.2</CLDC>
		<WNDDIR>74</WNDDIR>
	</MEASUREMENT> 
	<MEASUREMENT>
		<STN>72880</STN>
		<DATE>2019-01-29</DATE>
		<TIME>13:46:15</TIME>
		<TEMP>-0.3</TEMP>
		<DEWP>-3.1</DEWP>
		<STP>1000.4</STP>
		<SLP>1022.8</SLP>
		<VISIB>16.0</VISIB>
		<WDSP>2.0</WDSP>
		<PRCP>0.05</PRCP>
		<SNDP>2.6</SNDP>
		<FRSHTT>111000</FRSHTT>
		<CLDC>50.4</CLDC>
		<WNDDIR>37</WNDDIR>
	</MEASUREMENT> 

	<MEASUREMENT>
		<STN>71560</STN>
		<DATE>2019-01-29</DATE>
		<TIME>13:46:15</TIME>
		<TEMP>2.6</TEMP>
		<DEWP>-0.5</DEWP>
		<STP>1017.3</STP>
		<SLP>1027.2</SLP>
		<VISIB>3.9</VISIB>
		<WDSP>7.8</WDSP>
		<PRCP>0.00</PRCP>
		<SNDP>0.0</SNDP>
		<FRSHTT>000000</FRSHTT>
		<CLDC>67.6</CLDC>
		<WNDDIR>42</WNDDIR>
	</MEASUREMENT> 
	<MEASUREMENT>
		<STN>71570</STN>
		<DATE>2019-01-29</DATE>
		<TIME>13:46:15</TIME>
		<TEMP>0.2</TEMP>
		<DEWP>-2.7</DEWP>
		<STP>1015.5</STP>
		<SLP>1021.5</SLP>
		<VISIB>8.3</VISIB>
		<WDSP>19.8</WDSP>
		<PRCP>0.10</PRCP>
		<SNDP>0.0</SNDP>
		<FRSHTT>010000</FRSHTT>
		<CLDC>99.4</CLDC>
		<WNDDIR>150</WNDDIR>
	</MEASUREMENT> 
	<MEASUREMENT>
		<STN>70750</STN>
		<DATE>2019-01-29</DATE>
		<TIME>13:46:15</TIME>
		<TEMP>-2.4</TEMP>
		<DEWP>-16.9</DEWP>
		<STP>1008.2</STP>
		<SLP>1028.2</SLP>
		<VISIB>18.2</VISIB>
		<WDSP>4.7</WDSP>
		<PRCP>0.00</PRCP>
		<SNDP>0.0</SNDP>
		<FRSHTT>100000</FRSHTT>
		<CLDC>83.4</CLDC>
		<WNDDIR>336</WNDDIR>
	</MEASUREMENT> 
	<MEASUREMENT>
		<STN>74120</STN>
		<DATE>2019-01-29</DATE>
		<TIME>13:46:15</TIME>
		<TEMP>0.8</TEMP>
		<DEWP>-1.8</DEWP>
		<STP>1019.4</STP>
		<SLP>1016.3</SLP>
		<VISIB>10.8</VISIB>
		<WDSP>11.7</WDSP>
		<PRCP>0.21</PRCP>
		<SNDP>0.0</SNDP>
		<FRSHTT>010000</FRSHTT>
		<CLDC>62.8</CLDC>
		<WNDDIR>17</WNDDIR>
	</MEASUREMENT> 
	<MEASUREMENT>
		<STN>77530</STN>
		<DATE>2019-01-29</DATE>
		<TIME>13:46:15</TIME>
		<TEMP>6.0</TEMP>
		<DEWP>4.0</DEWP>
		<STP>1035.9</STP>
		<SLP>1012.2</SLP>
		<VISIB>18.2</VISIB>
		<WDSP>5.7</WDSP>
		<PRCP>0.05</PRCP>
		<SNDP>0.0</SNDP>
		<FRSHTT>010000</FRSHTT>
		<CLDC>89.5</CLDC>
		<WNDDIR>45</WNDDIR>
	</MEASUREMENT> 
	<MEASUREMENT>
		<STN>74600</STN>
		<DATE>2019-01-29</DATE>
		<TIME>13:46:15</TIME>
		<TEMP>-0.4</TEMP>
		<DEWP>-3.5</DEWP>
		<STP>999.8</STP>
		<SLP>1018.6</SLP>
		<VISIB>12.1</VISIB>
		<WDSP>12.2</WDSP>
		<PRCP>0.13</PRCP>
		<SNDP>0.3</SNDP>
		<FRSHTT>111000</FRSHTT>
		<CLDC>53.6</CLDC>
		<WNDDIR>120</WNDDIR>
	</MEASUREMENT> 
	<MEASUREMENT>
		<STN>70881</STN>
		<DATE>2019-01-29</DATE>
		<TIME>13:46:15</TIME>
		<TEMP>-2.2</TEMP>
		<DEWP>-3.9</DEWP>
		<STP>995.1</STP>
		<SLP>1026.8</SLP>
		<VISIB>7.2</VISIB>
		<WDSP>9.5</WDSP>
		<PRCP>0.00</PRCP>
		<SNDP>0.0</SNDP>
		<FRSHTT>100000</FRSHTT>
		<CLDC>46.6</CLDC>
		<WNDDIR>144</WNDDIR>
	</MEASUREMENT> 
	<MEASUREMENT>
		<STN>70891</STN>
		<DATE>2019-01-29</DATE>
		<TIME>13:46:15</TIME>
		<TEMP>-1.7</TEMP>
		<DEWP>-5.2</DEWP>
		<STP>986.0</STP>
		<SLP>1025.3</SLP>
		<VISIB>2.7</VISIB>
		<WDSP>6.7</WDSP>
		<PRCP>0.00</PRCP>
		<SNDP>0.0</SNDP>
		<FRSHTT>100000</FRSHTT>
		<CLDC>41.3</CLDC>
		<WNDDIR>170</WNDDIR>
	</MEASUREMENT> 
	<MEASUREMENT>
		<STN>71330</STN>
		<DATE>2019-01-29</DATE>
		<TIME>13:46:15</TIME>
		<TEMP>1.6</TEMP>
		<DEWP>-1.6</DEWP>
		<STP>1004.5</STP>
		<SLP>998.4</SLP>
		<VISIB>37.9</VISIB>
		<WDSP>68.3</WDSP>
		<PRCP>0.02</PRCP>
		<SNDP>0.0</SNDP>
		<FRSHTT>010000</FRSHTT>
		<CLDC>52.3</CLDC>
		<WNDDIR>40</WNDDIR>
	</MEASUREMENT> 
	<MEASUREMENT>
		<STN>74380</STN>
		<DATE>2019-01-29</DATE>
		<TIME>13:46:15</TIME>
		<TEMP>-1.7</TEMP>
		<DEWP>-4.7</DEWP>
		<STP>1008.4</STP>
		<SLP>1024.9</SLP>
		<VISIB>6.5</VISIB>
		<WDSP>2.0</WDSP>
		<PRCP>0.00</PRCP>
		<SNDP>0.0</SNDP>
		<FRSHTT>100000</FRSHTT>
		<CLDC>14.1</CLDC>
		<WNDDIR>60</WNDDIR>
	</MEASUREMENT> 
	<MEASUREMENT>
		<STN>71900</STN>
		<DATE>2019-01-29</DATE>
		<TIME>13:46:15</TIME>
		<TEMP>-0.4</TEMP>
		<DEWP>-3.1</DEWP>
		<STP>1009.7</STP>
		<SLP>1021.6</SLP>
		<VISIB>8.1</VISIB>
		<WDSP>15.2</WDSP>
		<PRCP>0.08</PRCP>
		<SNDP>0.2</SNDP>
		<FRSHTT>111000</FRSHTT>
		<CLDC>51.3</CLDC>
		<WNDDIR>77</WNDDIR>
	</MEASUREMENT> 
	<MEASUREMENT>
		<STN>70900</STN>
		<DATE>2019-01-29</DATE>
		<TIME>13:46:15</TIME>
		<TEMP>-0.5</TEMP>
		<DEWP>-3.3</DEWP>
		<STP>1011.1</STP>
		<SLP>1016.4</SLP>
		<VISIB>10.4</VISIB>
		<WDSP>15.5</WDSP>
		<PRCP>0.03</PRCP>
		<SNDP>0.1</SNDP>
		<FRSHTT>111000</FRSHTT>
		<CLDC>51.8</CLDC>
		<WNDDIR>166</WNDDIR>
	</MEASUREMENT> 
	<MEASUREMENT>
		<STN>76670</STN>
		<DATE>2019-01-29</DATE>
		<TIME>13:46:15</TIME>
		<TEMP>4.0</TEMP>
		<DEWP>-1.3</DEWP>
		<STP>1015.6</STP>
		<SLP>1015.2</SLP>
		<VISIB>11.6</VISIB>
		<WDSP>14.1</WDSP>
		<PRCP>0.30</PRCP>
		<SNDP>0.0</SNDP>
		<FRSHTT>010000</FRSHTT>
		<CLDC>50.4</CLDC>
		<WNDDIR>54</WNDDIR>
	</MEASUREMENT> 
	<MEASUREMENT>
		<STN>71090</STN>
		<DATE>2019-01-29</DATE>
		<TIME>13:46:15</TIME>
		<TEMP>3.6</TEMP>
		<DEWP>0.7</DEWP>
		<STP>1021.6</STP>
		<SLP>1030.9</SLP>
		<VISIB>9.0</VISIB>
		<WDSP>14.6</WDSP>
		<PRCP>0.00</PRCP>
		<SNDP>0.0</SNDP>
		<FRSHTT>000000</FRSHTT>
		<CLDC>63.3</CLDC>
		<WNDDIR>94</WNDDIR>
	</MEASUREMENT> 
	<MEASUREMENT>
		<STN>72000</STN>
		<DATE>2019-01-29</DATE>
		<TIME>13:46:15</TIME>
		<TEMP>3.3</TEMP>
		<DEWP>0.2</DEWP>
		<STP>1017.8</STP>
		<SLP>1016.6</SLP>
		<VISIB>9.9</VISIB>
		<WDSP>30.5</WDSP>
		<PRCP>0.09</PRCP>
		<SNDP>0.0</SNDP>
		<FRSHTT>010000</FRSHTT>
		<CLDC>50.6</CLDC>
		<WNDDIR>45</WNDDIR>
	</MEASUREMENT> 
	<MEASUREMENT>
		<STN>72010</STN>
		<DATE>2019-01-29</DATE>
		<TIME>13:46:15</TIME>
		<TEMP>2.4</TEMP>
		<DEWP>-1.5</DEWP>
		<STP>1008.9</STP>
		<SLP>1018.9</SLP>
		<VISIB>16.6</VISIB>
		<WDSP>19.7</WDSP>
		<PRCP>0.12</PRCP>
		<SNDP>0.0</SNDP>
		<FRSHTT>010000</FRSHTT>
		<CLDC>74.2</CLDC>
		<WNDDIR>21</WNDDIR>
	</MEASUREMENT> 
	<MEASUREMENT>
		<STN>72650</STN>
		<DATE>2019-01-29</DATE>
		<TIME>13:46:15</TIME>
		<TEMP>0.4</TEMP>
		<DEWP>-2.1</DEWP>
		<STP>1014.5</STP>
		<SLP>1016.6</SLP>
		<VISIB>7.4</VISIB>
		<WDSP>4.1</WDSP>
		<PRCP>0.13</PRCP>
		<SNDP>0.2</SNDP>
		<FRSHTT>011000</FRSHTT>
		<CLDC>52.2</CLDC>
		<WNDDIR>6</WNDDIR>
	</MEASUREMENT> 
	<MEASUREMENT>
		<STN>72700</STN>
		<DATE>2019-01-29</DATE>
		<TIME>13:46:15</TIME>
		<TEMP>-0.6</TEMP>
		<DEWP>-2.3</DEWP>
		<STP>1003.7</STP>
		<SLP>997.1</SLP>
		<VISIB>3.6</VISIB>
		<WDSP>20.4</WDSP>
		<PRCP>0.63</PRCP>
		<SNDP>3.5</SNDP>
		<FRSHTT>111000</FRSHTT>
		<CLDC>52.1</CLDC>
		<WNDDIR>317</WNDDIR>
	</MEASUREMENT> 
	<MEASUREMENT>
		<STN>76530</STN>
		<DATE>2019-01-29</DATE>
		<TIME>13:46:15</TIME>
		<TEMP>2.0</TEMP>
		<DEWP>-1.6</DEWP>
		<STP>1015.3</STP>
		<SLP>1011.3</SLP>
		<VISIB>7.3</VISIB>
		<WDSP>25.9</WDSP>
		<PRCP>0.15</PRCP>
		<SNDP>0.0</SNDP>
		<FRSHTT>010000</FRSHTT>
		<CLDC>75.5</CLDC>
		<WNDDIR>259</WNDDIR>
	</MEASUREMENT> 
	<MEASUREMENT>
		<STN>72050</STN>
		<DATE>2019-01-29</DATE>
		<TIME>13:46:15</TIME>
		<TEMP>1.1</TEMP>
		<DEWP>-1.1</DEWP>
		<STP>1015.2</STP>
		<SLP>1016.6</SLP>
		<VISIB>10.0</VISIB>
		<WDSP>15.1</WDSP>
		<PRCP>0.14</PRCP>
		<SNDP>0.1</SNDP>
		<FRSHTT>011000</FRSHTT>
		<CLDC>65.3</CLDC>
		<WNDDIR>134</WNDDIR>
	</MEASUREMENT> 
	<MEASUREMENT>
		<STN>77470</STN>
		<DATE>2019-01-29</DATE>
		<TIME>13:46:16</TIME>
		<TEMP>1.7</TEMP>
		<DEWP>-3.9</DEWP>
		<STP>1014.8</STP>
		<SLP>1017.9</SLP>
		<VISIB>14.3</VISIB>
		<WDSP>16.0</WDSP>
		<PRCP>0.09</PRCP>
		<SNDP>0.0</SNDP>
		<FRSHTT>010000</FRSHTT>
		<CLDC>51.0</CLDC>
		<WNDDIR>148</WNDDIR>
	</MEASUREMENT> 
	<MEASUREMENT>
		<STN>76300</STN>
		<DATE>2019-01-29</DATE>
		<TIME>13:46:16</TIME>
		<TEMP>0.9</TEMP>
		<DEWP>-1.2</DEWP>
		<STP>1006.8</STP>
		<SLP>1018.2</SLP>
		<VISIB>11.2</VISIB>
		<WDSP>18.7</WDSP>
		<PRCP>0.17</PRCP>
		<SNDP>0.0</SNDP>
		<FRSHTT>010000</FRSHTT>
		<CLDC>99.2</CLDC>
		<WNDDIR>200</WNDDIR>
	</MEASUREMENT> 
	<MEASUREMENT>
		<STN>76310</STN>
		<DATE>2019-01-29</DATE>
		<TIME>13:46:16</TIME>
		<TEMP>0.3</TEMP>
		<DEWP>-1.7</DEWP>
		<STP>1009.7</STP>
		<SLP>1029.5</SLP>
		<VISIB>3.4</VISIB>
		<WDSP>8.4</WDSP>
		<PRCP>0.00</PRCP>
		<SNDP>0.0</SNDP>
		<FRSHTT>000000</FRSHTT>
		<CLDC>3.5</CLDC>
		<WNDDIR>183</WNDDIR>
	</MEASUREMENT> 

	<MEASUREMENT>
		<STN>75580</STN>
		<DATE>2019-01-29</DATE>
		<TIME>13:46:16</TIME>
		<TEMP>-0.7</TEMP>
		<DEWP>-2.8</DEWP>
		<STP>940.2</STP>
		<SLP>1016.8</SLP>
		<VISIB>23.7</VISIB>
		<WDSP>18.3</WDSP>
		<PRCP>0.36</PRCP>
		<SNDP>1.0</SNDP>
		<FRSHTT>111000</FRSHTT>
		<CLDC>73.0</CLDC>
		<WNDDIR>142</WNDDIR>
	</MEASUREMENT> 
	<MEASUREMENT>
		<STN>73060</STN>
		<DATE>2019-01-29</DATE>
		<TIME>13:46:16</TIME>
		<TEMP>0.6</TEMP>
		<DEWP>-1.5</DEWP>
		<STP>1007.4</STP>
		<SLP>1013.8</SLP>
		<VISIB>12.9</VISIB>
		<WDSP>34.7</WDSP>
		<PRCP>0.22</PRCP>
		<SNDP>0.1</SNDP>
		<FRSHTT>011000</FRSHTT>
		<CLDC>62.6</CLDC>
		<WNDDIR>82</WNDDIR>
	</MEASUREMENT> 
	<MEASUREMENT>
		<STN>74810</STN>
		<DATE>2019-01-29</DATE>
		<TIME>13:46:16</TIME>
		<TEMP>-0.3</TEMP>
		<DEWP>-2.4</DEWP>
		<STP>1006.6</STP>
		<SLP>1020.6</SLP>
		<VISIB>9.3</VISIB>
		<WDSP>9.1</WDSP>
		<PRCP>0.15</PRCP>
		<SNDP>0.3</SNDP>
		<FRSHTT>111000</FRSHTT>
		<CLDC>91.9</CLDC>
		<WNDDIR>154</WNDDIR>
	</MEASUREMENT> 
	<MEASUREMENT>
		<STN>74800</STN>
		<DATE>2019-01-29</DATE>
		<TIME>13:46:16</TIME>
		<TEMP>-0.1</TEMP>
		<DEWP>-2.7</DEWP>
		<STP>1007.6</STP>
		<SLP>1014.9</SLP>
		<VISIB>10.5</VISIB>
		<WDSP>10.2</WDSP>
		<PRCP>0.15</PRCP>
		<SNDP>0.3</SNDP>
		<FRSHTT>111000</FRSHTT>
		<CLDC>51.8</CLDC>
		<WNDDIR>3</WNDDIR>
	</MEASUREMENT> 
	<MEASUREMENT>
		<STN>74700</STN>
		<DATE>2019-01-29</DATE>
		<TIME>13:46:16</TIME>
		<TEMP>-0.5</TEMP>
		<DEWP>-2.6</DEWP>
		<STP>938.1</STP>
		<SLP>1025.9</SLP>
		<VISIB>16.8</VISIB>
		<WDSP>6.1</WDSP>
		<PRCP>0.06</PRCP>
		<SNDP>0.0</SNDP>
		<FRSHTT>110000</FRSHTT>
		<CLDC>85.8</CLDC>
		<WNDDIR>322</WNDDIR>
	</MEASUREMENT> 
	<MEASUREMENT>
		<STN>75880</STN>
		<DATE>2019-01-29</DATE>
		<TIME>13:46:16</TIME>
		<TEMP>-2.4</TEMP>
		<DEWP>-8.8</DEWP>
		<STP>965.7</STP>
		<SLP>1021.8</SLP>
		<VISIB>60.9</VISIB>
		<WDSP>1.7</WDSP>
		<PRCP>0.00</PRCP>
		<SNDP>0.0</SNDP>
		<FRSHTT>100000</FRSHTT>
		<CLDC>78.5</CLDC>
		<WNDDIR>356</WNDDIR>
	</MEASUREMENT> 

	<MEASUREMENT>
		<STN>75030</STN>
		<DATE>2019-01-29</DATE>
		<TIME>13:46:16</TIME>
		<TEMP>3.1</TEMP>
		<DEWP>0.5</DEWP>
		<STP>1010.1</STP>
		<SLP></SLP>
		<VISIB>4.1</VISIB>
		<WDSP>32.8</WDSP>
		<PRCP>0.21</PRCP>
		<SNDP>0.0</SNDP>
		<FRSHTT>010000</FRSHTT>
		<CLDC>58.7</CLDC>
		<WNDDIR>256</WNDDIR>
	</MEASUREMENT> 
	<MEASUREMENT>
		<STN>71390</STN>
		<DATE>2019-01-29</DATE>
		<TIME>13:46:16</TIME>
		<TEMP>0.9</TEMP>
		<DEWP>-1.5</DEWP>
		<STP>1007.3</STP>
		<SLP>1014.1</SLP>
		<VISIB>13.1</VISIB>
		<WDSP>13.6</WDSP>
		<PRCP>0.16</PRCP>
		<SNDP>0.1</SNDP>
		<FRSHTT>011000</FRSHTT>
		<CLDC>51.5</CLDC>
		<WNDDIR>335</WNDDIR>
	</MEASUREMENT> 
	<MEASUREMENT>
		<STN>73175</STN>
		<DATE>2019-01-29</DATE>
		<TIME>13:46:16</TIME>
		<TEMP>1.0</TEMP>
		<DEWP>-0.7</DEWP>
		<STP>999.8</STP>
		<SLP>1008.0</SLP>
		<VISIB>5.7</VISIB>
		<WDSP>9.9</WDSP>
		<PRCP>0.00</PRCP>
		<SNDP>0.0</SNDP>
		<FRSHTT>000000</FRSHTT>
		<CLDC>88.1</CLDC>
		<WNDDIR>340</WNDDIR>
	</MEASUREMENT> 
	<MEASUREMENT>
		<STN>70750</STN>
		<DATE>2019-01-29</DATE>
		<TIME>13:46:16</TIME>
		<TEMP>-2.4</TEMP>
		<DEWP>-15.1</DEWP>
		<STP>1008.2</STP>
		<SLP>1028.2</SLP>
		<VISIB>18.1</VISIB>
		<WDSP>4.8</WDSP>
		<PRCP>0.00</PRCP>
		<SNDP>0.0</SNDP>
		<FRSHTT>100000</FRSHTT>
		<CLDC>83.3</CLDC>
		<WNDDIR>336</WNDDIR>
	</MEASUREMENT> 
	<MEASUREMENT>
		<STN>76610</STN>
		<DATE>2019-01-29</DATE>
		<TIME>13:46:16</TIME>
		<TEMP>5.0</TEMP>
		<DEWP>1.1</DEWP>
		<STP>1011.7</STP>
		<SLP>1015.2</SLP>
		<VISIB>17.3</VISIB>
		<WDSP>26.9</WDSP>
		<PRCP>0.35</PRCP>
		<SNDP>0.0</SNDP>
		<FRSHTT>010000</FRSHTT>
		<CLDC>51.1</CLDC>
		<WNDDIR>152</WNDDIR>
	</MEASUREMENT> 
	<MEASUREMENT>
		<STN>76600</STN>
		<DATE>2019-01-29</DATE>
		<TIME>13:46:16</TIME>
		<TEMP>1.6</TEMP>
		<DEWP>-2.0</DEWP>
		<STP>1006.4</STP>
		<SLP>1012.6</SLP>
		<VISIB>13.4</VISIB>
		<WDSP>22.3</WDSP>
		<PRCP>0.23</PRCP>
		<SNDP>0.0</SNDP>
		<FRSHTT>010000</FRSHTT>
		<CLDC>62.5</CLDC>
		<WNDDIR>95</WNDDIR>
	</MEASUREMENT> 
	<MEASUREMENT>
		<STN>76670</STN>
		<DATE>2019-01-29</DATE>
		<TIME>13:46:16</TIME>
		<TEMP>3.8</TEMP>
		<DEWP>-1.3</DEWP>
		<STP>1015.6</STP>
		<SLP>1015.2</SLP>
		<VISIB>11.6</VISIB>
		<WDSP>14.1</WDSP>
		<PRCP>0.30</PRCP>
		<SNDP>0.0</SNDP>
		<FRSHTT>010000</FRSHTT>
		<CLDC>50.3</CLDC>
		<WNDDIR>54</WNDDIR>
	</MEASUREMENT> 
	<MEASUREMENT>
		<STN>71680</STN>
		<DATE>2019-01-29</DATE>
		<TIME>13:46:16</TIME>
		<TEMP>-0.4</TEMP>
		<DEWP>-2.4</DEWP>
		<STP>1008.5</STP>
		<SLP>1021.1</SLP>
		<VISIB>4.9</VISIB>
		<WDSP>16.8</WDSP>
		<PRCP>0.07</PRCP>
		<SNDP>0.2</SNDP>
		<FRSHTT>111000</FRSHTT>
		<CLDC>56.1</CLDC>
		<WNDDIR>288</WNDDIR>
	</MEASUREMENT> 
	<MEASUREMENT>
		<STN>71800</STN>
		<DATE>2019-01-29</DATE>
		<TIME>13:46:16</TIME>
		<TEMP>-0.8</TEMP>
		<DEWP>-3.3</DEWP>
		<STP>1008.5</STP>
		<SLP>1018.6</SLP>
		<VISIB>11.5</VISIB>
		<WDSP>11.3</WDSP>
		<PRCP>0.10</PRCP>
		<SNDP>0.2</SNDP>
		<FRSHTT>111000</FRSHTT>
		<CLDC>51.8</CLDC>
		<WNDDIR>206</WNDDIR>
	</MEASUREMENT>
</WEATHERDATA>